Message ID;Content_en;Content_de;Content_it;Content_nl;info;MPAM;weekly;daily;difficulty;purpose;activity;category
27;Take care of yourself so your health doesn't become a burden on other people.;Schau auf dich selbst, damit deine Gesundheit nicht zur Last für andere Menschen wird!;Prenditi cura di te stesso, in modo che la tua salute non diventi un peso per gli altri.;Zorg goed voor jezelf zodat je gezondheid geen last wordt voor andere mensen.;high;4;;high;;;;
29;Keep pushing. If you want to stay fit and grow old fit, now's the time to exercise regularly.;Bleib dran. Wenn du auch im Alter weiterhin fit sein möchstest, ist es jetzt an der Zeit, regelmäßig Sport zu treiben.;Continua ad allenarti. Se vuoi rimanere in forma nel passare degli anni, questo è il momento di allenarti regolarmente.;Blijf doorzetten. Als je fit wilt blijven en gezond oud wil worden dan moet je nu starten met dagelijks voldoende bewegen.;high;4;;high;;;;
30;You want to live a long life dont you? Then start exercising!;Du willst ein langes Leben führen, oder? Dann fang an zu trainieren!;Vorresti aumentare le tue aspettative di vita, giusto? Allora inzia a fare esercizio!;Je wilt toch lang en gezond leven? Start dan nu met bewegen!;high;4;;high;;;;
39;Find an exercise buddy and hold each other accountable.;Finde einen Übungspartner und motiviert euch gegenseitig.;Trova un compagno di allenamento e controllatevi a vicenda.;Zoek een beweegmaatje en houd elkaar verantwoordelijk;high;1;;high;;;;
75;What are the main reasons for not exercising? And what are the reasons why you actually should? Think about it and motivate yourself.;Was sind die Hauptgründe um nicht zu trainieren? Und was sind die Gründe, warum du eigentlich solltest? Denk darüber nach und die Gründe die dafür sprechen werden überwiegen.;Quali sono le ragioni principali per non fare esercizio? E quali sono le ragioni per le quali, invece, dovresti esercitarti? Riflettici e trova le tue motivazioni.;Wat zijn de belangrijkste redenen om niet te sporten? En wat zijn de redenen waarom je dat eigenlijk juist wel zou moeten doen? Denk erover na en motiveer jezelf.;high;0;;high;;;;
108;Once you really get into an exercise schedule, it just gets easier!;Sobald du einen Trainingsplan erstellt hast wird es einfacher!;Una volta che inizi davvero un programma di allenamento, diventa tutto più facile!;Als je eenmaal echt in je beweegroutine zit, dan wordt het alleen maar makkelijker!;high;0;;high;;;;
119;Aren't you willing to invest time in yourself so that as the years go by you can enjoy them?;Willst du nicht Zeit in dich selbst investieren damit du sie in Zukunfst auch genießen kannst?;Non sei disposto a investire tempo in te stesso in modo che con il passare degli anni tu possa goderne?;Ben je niet bereid om tijd in jezelf te investeren zodat je er in de loop der jaren van kunt genieten?;high;0;;high;;;;
122;You're not getting any younger, but you can feel like you are.;Du wirst nicht jünger, aber du kannst dich so fühlen als ob du es wärst.;Non stai ringiovanendo, ma puoi sentirti come se fosse così.;Je wordt niet jonger, maar je kunt je wel voelen alsof dat zo is.;high;0;;high;;;;
131;Choose fixed times to exercise to make it easier to stick to your regimen.;Wähle feste Trainingszeiten, damit du dich leichter an deinen Plan halten kannst.;Scegli dei tempi fissi per fare esercizio fisico, in modo che sia più facile mantenere un tuo regime.;Kies vaste tijden om te oefenen, zodat u zich gemakkelijker aan uw oefeningen kunt houden.;high;0;;high;;;;
132;Think of what you'll reward yourself with after this!;Überlege womit du dich danach belohnen wirst!;Pensa a ciò che otterrai grazie a questo!;Bedenk waarmee je jezelf hierna zult belonen!;high;0;;high;;;;
133;You owe it to your family and friends to take care of yourself.;Du bist es deiner Familie und  Freunden schuldig, auf dich selbst Acht zu geben.;Prenderti cura di te stesso/a è um impegno anche verso la tua famiglia e i tuoi amici;Je bent het aan je familie en vrienden verschuldigd om voor jezelf te zorgen.;high;0;;high;;;;
145;How would you feel in a year if you do not start to exercise now?;Wie wirst du dich in einem Jahr fühlen, wenn du jetzt nicht anfangst zu trainieren?;Come ti sentiresti tra un anno se non iniziassi ad allenarti ora?;Hoe zul je je over een jaar voelen als je nu niet begint met regelmatig bewegen?;low;3;;low;;;;
161;By exercising regularly your body is burning calories which in turn help you to lose weight. Losing weight has excellent benefits for your health such as lower risk of heart problems and a lower risk of diabetes.;Durch regelmäßiges Training verbrennt dein Körper Kalorien, die dir beim Abnehmen helfen. Abnehmen hat viele Vorteile für deine Gesundheit, darunter ein geringeres Risiko für Herzprobleme und ein geringeres Risiko für Diabetes!;Facendo esercizi regolarmente, il tuo corpo sta bruciando calorie che a loro volta ti aiutano a perdere peso. Perdere peso ha eccellenti benefici per la tua salute, come un minor rischio di problemi cardiaci e di diabete.;Door regelmatig te sporten verbrandt je lichaam calorieën wat je helpt om af te vallen. Afvallen heeft uitstekende voordelen voor uw gezondheid, zoals een lager risico op hartproblemen en diabetes.;low;3;;low;;;;
179;The longer you push exercise aside, the longer you are denying yourself a better quality of life.;Je länger du die Übung beiseite schiebst, desto länger verweigerst du dir selbst eine bessere Lebensqualität.;Più a lungo metterai da parte l'allenamento, più a lungo negerai a te stesso/a una migliore qualità di vita.;Hoe langer je lichaamsbeweging opzij schuift, hoe langer je jezelf een betere kwaliteit van leven ontzegt.;low;4;;low;;;;
197;Treat yourself right and let yourself experience the positive effects that physical exercise has on your life.;Gönn dir etwas Gutes und lasse dich von den positiven Auswirkungen körperlicher Bewegung auf dein Leben überzeugen.;Trattati bene e permetti a te stesso di sperimentare gli effetti positivi dell'esercizio fisico nella tua vita.;Wees goed voor jezelf en laat jezelf de positieve effecten ervaren die lichaamsbeweging op je leven heeft.;low;4;;low;;;;
200;With regular exercise the perception of your own body will constantly improve, and thereby you will achieve a better quality of life.;Durch regelmäßiges Training verbessert sich die Perzeption deines eigenen Körpers und du erreichst dadurch eine bessere Lebensqualität.;Con l'esercizio regolare, la percezione del tuo corpo migliorerà costantemente,e migliorerà di conseguenza la tua qualità di vita.;Door regelmatige lichaamsbeweging zal de perceptie van je eigen lichaam voortdurend verbeteren en daardoor zul je een betere kwaliteit van leven bereiken.;low;4;;low;;;;
221;Can you think of any positive consequences that regular exercise could have for you?;Kannst du dir positive Konsequenzen vorstellen, die regelmäßiges Training für dich haben könnten?;Puoi pensare ad ogni conseguenza positiva che l'attività fisica regolare può avere per te stesso?;Kun je positieve gevolgen voor jezelf bedenken van regelmatig bewegen?;low;0;;low;;;;
223;Just a short interval of exercise will help you to be less tired during the day.;Schon ein kurzes Trainingsintervall hilft dir, tagsüber weniger müde zu sein.;Anche un piccolo intervallo di allenamento, ti aiuterà a sentirti meno scanco/a durante il giorno.;Een korte beweegpauze zal je helpen om overdag minder moe te zijn.;low;0;;low;;;;
232;Even small amounts of exercise every day are shown to significantly reduce the risk of heart disease!;Selbst kleine Mengen an Bewegung pro Tag reduzieren nachweislich das Risiko für Herzerkrankungen erheblich!;E' stato dimostrato che, anche facendo un piaccola quantità di esercizi tutti i giorni, riduce significativamente il rischio di malattie cardiache!;Zelfs kleine hoeveelheden lichaamsbeweging per dag verminderen het risico op hartaandoeningen aanzienlijk!;low;0;;low;;;;
242;Being healthy is all about consistency, just make sure you don't give up.;Bei Gesundheit dreht sich alles um Beständigkeit, achte nur darauf, dass du nicht aufgibst.;Restare in salute è una questione di coerenza, non arrenderti.;Gezond zijn heeft alles te maken met consequent zijn, zorg er gewoon voor dat je niet opgeeft.;low;0;;low;;;;
261;Exercise cuts your chance for heart attack and stroke by 50%. Just saying. ;Kleine Anmerkung, Bewegung verringert deine Chance auf einen Herzinfarkt und Schlaganfall um 50%.;L'esercizio fisico riduce le probabilità di infarto e ictus del 50%. Solo per dire…;Regelmatig bewegen vermindert je kans op een hartaanval en beroerte met 50%. Ik bedoel maar..;low;0;;low;;;;
262;Exercise helps keep blood sugar, and blood pressure under control. Those who regularly work out are 3 times less likely to develop these problems.;Bewegung hilft den Blutzucker und den Blutdruck unter Kontrolle zu halten. Diejenigen, die regelmäßig trainieren, entwickeln diese Probleme 300% seltener!;L'esercizio fisico aiuta a tenere sotto controllo la glicemia e la pressione sanguigna. Chi si allena regolarmente, ha 3 volte meno probabilità di sviluppare questi problemi.;Bewegen helpt de bloedsuikerspiegel en bloeddruk onder controle te houden. Degenen die regelmatig sporten, hebben 3 keer minder kans op problemen hiermee.;low;0;;low;;;;
263;Your regular exercise is having positive effects on your heart. Increasing your heart rate for at least 20 minutes a day will help in the prevention of a heart attack.;Regelmäßige Bewegung wirkt sich positiv auf dein Herz aus. Wenn du deine Herzfrequenz mindestens 20 Minuten am Tag erhöhst, kannst du einem Herzinfarkt langfristig vorbeugen.;Un allenamento regolare ha effetti positivi sul tuo cuore. Aumentare la frequenza cardiaca per almeno 20 minuti al giorno, ti aiuterà nella prevenzione di un infarto.;Jouw regelmatige lichaamsbeweging heeft positieve effecten op je hart. Het verhogen van uw hartslag gedurende ten minste 20 minuten per dag helpt bij het voorkomen van een hartaanval.;low;0;;low;;;;
267;Regular exercise is helping your lungs to become more healthy. When exercising the increase in your respirations helps to keep you lungs clear and expands your lungs and when they expand it makes them stronger like when a muscle is worked out and heals.;Regelmäßige Bewegung hilft deiner Lunge gesund zu bleiben. Wenn du trainierst, hilft die intensivere  Atmung dabei deine Lungen sauber zu halten und sie zu erweitern. Wenn sich die Lungenfläugel ausdehnen werden sie stärker, so als ob ein Muskel trainiert werden würde.;L'allenamento regolare aiuta i polmoni a diventare più sani. Durante l'esercizio fisico, l'aumento delle respirazioni aiuta a mantenere i polmoni liberi e li espande, e l'espensione li rende più forti come quando un muscolo viene allenato e guarisce.;Regelmatige lichaamsbeweging helpt je ??longen om gezonder te worden. Wanneer je traint, helpt het verhogen van je ademhaling om je longen schoon te houden, ze zetten uit en worden sterker, zoals wanneer een spier wordt getraind en geneest.;low;0;;low;;;;
289;Excercising is a great way to relieve stress, and tension, and build confidence! Try setting aside short sessions to start! You'll thank yourself for it later!;Sport ist eine großartige Möglichkeit, um Stress und Verspannungen abzubauen und Selbstvertrauen aufzubauen! Versuche mit kurzen Einheiten zu starten! Du wirst dir später dafür danken!;L'esercizio fisico è un ottimo modo per alleviare lo stress, la tensione e rafforzare la fiducia! Prova ad iniziare con brevi sessioni! Sarai grato a te stesso/a per questo!;Bewegen is een geweldige manier om stress en spanning te verlichten en vertrouwen op te bouwen! Plan korte sessies om mee te beginnen! Je zult jezelf er later voor bedanken!;low;0;;low;;;;
291;Don't settle for less, respect yourself and your body and give it the physical activity it craves and needs! A little bit goes a long way so you don't have to over do it!;Gib dich nicht mit weniger zufrieden, respektiere dich und deinen Körper und gib ihm die Bewegung, nach der er sich sehnt und die er braucht! ;Non accontentarti di poco, rispetta te stesso e il tuo corpo e dagli l'attività fisica che brama e di cui ha bisogno! Con poco, farai molta strada, quindi non devi esagerare!;Neem geen genoegen met minder, respecteer jezelf en je lichaam en geef het de fysieke activiteit die het verlangt en nodig heeft! Alle kleine beetje helpen dus je hoeft niet extreem veel te doen!;low;0;;low;;;;
299;Good work, you already managed the most important part. Now keep on going.;Gute Arbeit, du hast bereits den wichtigsten Teil geschafft! Jetzt mach weiter.;Ottimo lavoro, hai già gestito la parte più importante. Adesso continua.;Goed werk, je hebt het belangrijkste al gedaan. Blijf nu doorgaan.;;0;asg;;;;;
300;Congratulations on making the commitment to exercise! Your body will thank you for it!;Herzlichen Glückwunsch zum Engagement um zu trainieren! Dein Körper wird es dir danken!;Compimenti per il tuo impegno nell'esercizio fisico! Il tuo corpo ti ringrazierà per questo!;Gefeliciteerd met de afspraak met jezelf om te regelmatig te bewegen! Je lichaam zal je er dankbaar voor zijn!;;0;asg;;;;;
301;You made such a great choice and commited! You're such an inspiration for other's to follow in your foot steps! Way to go!;Du hast eine gute Wahl getroffen und dich verpflichtet mehr Bewegung zu machen! Du bist eine Inspiration für andere, gut gemacht!;Hai fatto un'ottima scelta e ti sei impegnato/a! Sei davvero una fonte d'ispirazione per gli altri! Ben fatto!;Je hebt een geweldige keuze gemaakt en je eraan toegewijd! Je bent een inspiratie voor anderen om in jouw voetstappen te volgen! Goed gedaan!;;0;asg;;;;;
303;Why stop now? You have already achieved so much.;Warum jetzt aufhören? Du hast schon so viel erreicht.;Perchè fermarsi adesso? Hai già ottenuto così tanto.;Waarom nu stoppen? Je hebt al zoveel bereikt.;;0;dsn;;;;;
306;You've gotten this far, let's not let all the hard work go to waste and persevere.;Du bist so weit gekommen, lass nicht die ganze harte Arbeit umsonst gewesen sein und halte durch.;Sei proprio a buon punto, non lasciamo che tutto il duro lavoro vada sprecato e perseveriamo.;Je bent zo ver gekomen, laten we niet al het harde werk verspillen en volhouden.;;0;dsn;;;;;
309;If you don't want to have to start over, don't quit.;Wenn du nicht von vorne beginnen möchten höre nicht auf!;Se non vuoi ricominciare da capo, non mollare.;Als u niet helemaal opnieuw wilt beginnen, stop dan niet.;;0;dsn;;;;;
325;Maybe you got off track, but this week get right back out there!;Vielleicht bist du nicht ganz im Plan, aber diese Woche holst du alles wieder auf!;Forse sei andato fuori pista, ma questa settimana puoi recuparare!;Je zit misschien niet helemaal meer op schema, maar ga toch deze week gewoon weer aan de slag!;;0;dsn;;;;;
328;You have come so far already, don't give up now.;Du bist schon so weit gekommen, gib jetzt nicht auf!;Sei già molto avanti, non arrenderti ora.;Je bent al zo ver gekomen, geef nu niet op.;;0;dsn;;;;;
346;70% of people that start a fitness plan quit. Except you! Not this time!;70% der Menschen, die einen Fitnessplan starten, geben auf. Außer dir! Dieses Mal nicht!;Il 70% delle persone che iniziano un programma di allenamento, lo interrompono. Tranne te! Non questa volta!;70% van de mensen die met een beweegplan beginnen, stopt. Behalve jij! Niet deze keer!;;0;;neg;;;;
347;Don't let yourself get old and regret not taking care of your body and your health. Keep at it every day and remember what you're working for.;Lass nicht die Zeit vergehen und bereue es dann, nicht auf deinen Körper und deine Gesundheit geachtet zu haben. Bleibe jeden Tag dran und denke daran, wofür du arbeitest.;Non far passare gli anni rimpiangendo di non aver avuto cura del tuo corpo e della tua salute. Continua ogni giorno e ricorda per cosa stai lavorando.;Laat jezelf niet oud worden en er spijt van krijgen dat je niet goed voor je lichaam en gezondheid hebt gezorgd. Blijf er elke dag mee bezig en onthoud waar je het voor doet.;;0;;neg;;;;
349;In 10 years, will you be glad you watched television, or upset that you didn't exercise?;Wirst du in 10 Jahren froh sein, dass du ferngesehen hast oder dich darüber ärgern, dass du nicht trainiert hast?;Tra 10 anni, sarai contento/a di aver guardato la televisione, o irritato/a per non esserti allenato/a?;Ben je over 10 jaar blij dat je tv hebt gekeken of heb je spijt dat je niet bent gaan bewegen?;;0;;neg;;;;
359;Get out there and do it. If you wait for the perfect conditions it'll never get done.;Geh raus und mach es. Wenn du auf die perfekten Bedingungen wartest, wird es nie etwas.;Esci e fallo. Se aspetti le condizioni perfette, non lo farai mai.;Ga erop uit en doe het. Als je wacht op de perfecte omstandigheden, zal het nooit gebeuren.;;0;neg;;;;;
370;Remember, progress is progress no matter how big or small.;Denk daran, Fortschritt ist Fortschritt, egal wie groß oder klein.;Ricorda, un progresso è un progresso, non importa quando grande o piccolo sia.;Onthoud dat vooruitgang vooruitgang is, hoe groot of klein ook.;;0;neg;;;;;
373;You didn't reach the goal this time, but it's all about consistency. Keep exercising!;Diesmal hast du das Ziel nicht erreicht, aber es geht um Beständigkeit. Trainiere weiter!;Non hai raggiunto l'obiettivo questa volta, ma l'importante è la costanza. Continua ad esercitarti!;Je hebt deze keer het doel niet bereikt, maar het draait allemaal om consequent zijn. Blijf oefenen!;;0;neg;;;;;
383;You still lapped everybody on the couch.;Du hast immer noch alle überholt die auf die Couch liegen.;Ti sei ancora rilassato/a sul divano.;Je hebt nog steeds iedereen op die op de bank zit verslagen.;;0;neg;;;;;
384;So you didn't meet your intensity goal for the week, there's always a new week.;Du hast dein Ziel für die Woche nicht erreicht, keine Sorge, es gibt immer eine neue Woche.;Anche se non hai raggiunto il tuo obiettivo per la settimana, c'è sempre una nuova settimana.;Dus je hebt je intensiteitsdoel voor de week niet gehaald, er is altijd een nieuwe week.;;0;neg;;;;;
388;Progress takes time - the important thing is that you ARE progressing.;Fortschritt braucht Zeit - das Wichtigste ist, dass du Fortschritte machst.;Fare dei progressi richiede tempo - la cosa importante è che stai andando avanti.;Vooruitgang kost tijd - het belangrijkste is dat je vooruit gaat.;;0;neg;;;;;
389;One of the common causes of failure is quitting when you've had one defeat. Don't let this defeat stop you from reaching your goal.;Eine der häufigsten Ursachen für Versagen ist das Beenden der Übungen weil du ein Teilziel nicht erreicht hast. Lass dich von dieser Niederlage nicht davon abhalten, dein Gesamtziel zu erreichen.;Una delle cause più comuni di fallimento è rinunciare dopo una sconfitta. Non lasciare che questa sconfitta ti impedisca di raggiungere il tuo obiettivo.;Eén van de meest voorkomende oorzaken van mislukking is stoppen wanneer je één nederlaag hebt geleden. Laat deze nederlaag je er niet van weerhouden je doel te bereiken.;;0;neg;;;;;
390;Next week will be a new week,  new exercises.  That will give you another chance to accomplish this, but what matters the most is that you were here this week.  You were committed to keeping up thoses exercises.;Nächste Woche ist einer neue Woche mit neue Übungen. Das gibt dir eine eine neue Chance dein Ziel zu erreichen, aber am wichtigsten ist, dass du diese Woche aktiv warst. Du warst entschlossen deine Übungen durchzuziehen.;La prossima sarà una nuova settimana, con nuovi esercizi. Avrai un'altra possibilità per raggiungere l'obiettivo, ma ciò che conta di più è che sei stato/a qui questa settimana. Ti sei impegnato/a a mantenere gli esercizi.;Volgende week wordt een nieuwe week, met nieuwe oefeningen. Dat geeft je weer een kans om dit te bereiken, maar het belangrijkste is dat je hier deze week was. Je was vastbesloten die oefeningen te doen.;;0;neg;;;;;
392;You made it to the end, and I must add, you look better than you ever have! Congratulations!;Du hast es bis zum Ende geschafft, und ich muss hinzufügen, du siehst besser aus als je zuvor! Glückwunsch!;Sei arrivato alla fine e, devo aggiungere, hai un aspetto migliore di sempre! Congratulazioni!;Je hebt het einde gehaald! En ik moet zeggen, je ziet er beter uit dan ooit! Gefeliciteerd!;;0;pos;;;;;
403;Quite amazing how you keep it up. And don't you love the way it makes you feel?;Es ist ziemlich bemerkenswert wie du dranbleibst. Und liebst du nicht das Gefühl das du dabei hast?;Abbastanza sorprendente la tua tenacia. E non ti piace il modo in cui ti fa sentire?;Wat goed dat je het volhoudt. En vind je het niet geweldig hoe je je erdoor voelt?;;0;pos;;;;;
405;Wow, I am very proud of you! It's great to see how much you've been exercising.;Wow, ich bin sehr stolz auf dich! Es ist großartig zu sehen, wie viel du trainiert hast.;Wow, sono molto orgogliosa di te! È bello vedere quanto ti stai esercitando.;Wow, ik ben heel trots op je! Het is geweldig om te zien hoeveel je bent gaan bewegen.;;0;pos;;;;;
409;You're a great role model for other's to look to as they start out their journey into an active lifestyle! Keep it up!;Du bist ein großartiges Vorbild für andere, die mit einem aktiven Lebensstil erst beginnen möchten! Mach weiter!;Sei un ottimo modello da seguire per chi inizia il suo viaggio verso uno stile di vita attivo! Continua così!;Je bent een goed rolmodel voor anderen om te volgen wanneer ze beginnen aan een actieve leefstijl! Hou vol!;;0;pos;;;;;
413;I'm really happy you're so committed to this, nice job.;Ich bin wirklich froh, dass du dich so reinhängst, gute Arbeit!;Sono davvero felice dell'impegno che ci hai messo, bel lavoro.;Ik ben heel blij dat je zo gemotiveerd bent om dit te doen, goed werk.;;0;pos;;;;;
463;Wow, congratulations at sticking with the program, you've really got determination.;Wow, herzlichen Glückwunsch zum Festhalten am Trainingsprogramm, du zeigst wirklich Entschlossenheit.;Wow, congratulazioni per aver aderito al programma, sei stato/a molto determinato/a.;Wow, gefeliciteerd met het volhouden van het programma, je hebt doorzettingsvermogen.;;0;pos;;;;;
464;You must really feel good to have stuck so well with your plan.;Du musst dich wirklich gut fühlen, so an deinem Trainingsplan festzuhalten.;Devi sentirti davvero in gamba per aver definito e seguito così bene il tuo piano.;Het voelt vast heel goed dat je zo goed je plan hebt gevolgd.;;0;pos;;;;;
490;You made it through the week!  That wasn't so hard, was it? Keep up the good work!;Du hast es durch die Woche geschafft! Das war nicht so schwer, oder? Mach weiter so!;Hai superato la settimana! Non è stato poi così diffcile, vero? Continua così!;Je hebt deze week volgehouden! Dat was niet zo moeilijk toch? Blijf zo door gaan!;;0;pos;;;;;
520;Having a steady and regular pace is more important than intensity.;Ein gleichmäßiges und regelmäßiges Tempo ist wichtiger als Intensität.;Avere un ritmo costante e regolare è più importante dell'intensità.;Een regelmatig tempo aanhouden is belangrijker dan intensiteit.;;0;;da;;;;
526;Great job so far, but you shouldn't over work yourself. Please lower your intensity in the next workout.;Großartige Arbeit bisher, aber du solltest dich nicht überanstrengen. Bitte verringere die Intensität beim nächsten Training.;Ottimo lavoro finora, ma non dovresti affaticarti troppo. Si prega di ridurre l'intensità nel prossimo allenamento.;Goed werk tot nu toe, maar je moet niet teveel van jezelf vragen. Verlaag de intensiteit van de volgende training.;;0;;da;;;;
527;Good job today, remember to slow down a bit in order to do what it best for your body.;Gute Arbeit heute, denk daran etwas langsamer zu werden, um zu tun, was für deinen Körper am besten ist.;Buon lavoro oggi, ricorda di rallentare un pò per fare ciò che è meglio per il tuo corpo.;Goed gedaan vandaag, denk eraan om het wat rustiger aan te doen zodat je doet wat het beste is voor je lichaam.;;0;;da;;;;
534;You did a great job! Maybe next time you should do it a little less intensely.;Du hast eine tolle Arbeit geleistet! Vielleicht solltest du es das nächste Mal etwas weniger intensiv machen.;Hai fatto un buonissimo lavoro! Forse la prossima volta potresti farlo un pò meno intensamente.;Je hebt geweldig werk geleverd! Misschien moet je het de volgende keer iets minder intensief doen.;;0;;da;;;;
536;You did really great, but try not to overexert yourself next time;Du hast es wirklich toll gemacht, aber versuche dich das nächste Mal nicht zu überanstrengen!;Sei stato davvero bravo/a, ma cerca di non sforzarti troppo la prossima volta.;Je hebt het echt geweldig gedaan, maar probeer de volgende keer niet te veel te doen;;0;;da;;;;
544;Maintaining an intensity at this level is not healthy. Please lower the intensity on your next workout.;Das Aufrechterhalten der Intensität auf diesem Niveau ist nicht gesund. Bitte verringere die Intensität bei deinem nächsten Training.;Mantenere un'intensità di questo livello non è salutare. Si prega di ridurre l'intensità nel prossimo allenamento.;Het handhaven van een intensiteit op dit niveau is niet gezond. Verlaag de intensiteit bij uw volgende training.;;0;;da;;;;
545;Fantastic workout. Make sure that you bring down the level of intensity the next time.;Fantastisches Training. Stelle aber sicher, dass du die Intensität beim nächsten Mal verringerst.;Allenamento fantastico. Assicurati di abbassare il livello di intensità la prossima volta.;Fantastische training. Zorg ervoor dat je de intensiteit de volgende keer verlaagt.;;0;;da;;;;
550;Great job! Next time though, kick it back a notch.;Gut gemacht! Das nächste Mal aber bitte etwas langsamer.;Ottimo lavoro! la prossima volta, però, prenditi meno sul serio.;Goed werk! Maar neem de volgende keer een stapje terug.;;0;;da;;;;
551;No need to do it that intensely. Steadiness is key to good, regular exercise.;Es besteht keine Notwendigkeit das Training so intensiv zu betreiben. Kontinuität ist der Schlüssel zu guter, regelmäßiger Bewegung.;Non c'è bisogno di farlo così intensamente. La stabilità è la chiave per un esercizio fisico buono e regolare.;Het is niet nodig om het zo intens te doen. Stabiliteit is de sleutel tot goede, regelmatige lichaamsbeweging.;;0;;da;;;;
569;Remember what we talked about last time about decreasing the intensity a bit.;Denk daran, worüber wir das letzte Mal gesprochen haben, wir wollen die Intensität heute etwas verringern.;Ricorda che l'ultima volta avevamo detto di ridurre un pò l'intensità.;Herinner je waar we het de vorige keer over hadden om de intensiteit een beetje te verminderen.;;0;;db;;;;
575;This time keep in mind a slightly lower intensity.;Beachte diesmal die Intensität etwas zu reduzieren.;Questa volta tieni a mente di ridurre leggermente l'intensità.;Houd deze keer rekening met een iets lagere intensiteit.;;0;;db;;;;
578;Remember, slower intensity, you got this!;Denk daran, weniger Intensität, du schaffst das!;Ricorda, riduci l'intensità!;Onthoud, lagere intensiteit, je kunt het!;;0;;db;;;;
579;Alright let's remember to go slow and steady this time around.;Okay, denke daran das Training diesmal langsam und stetig durchzuführen.;Bene, ricordiamoci di andare piano e con calma questa volta.;Laten we eraan denken om deze keer langzaam en regelmatig te bewegen.;;0;;db;;;;
580;Remember to keep a nice even pace so you keep up a steady heart rate over your whole exercise.;Denke daran, ein gleichmäßiges Tempo einzuhalten, damit du während deiner gesamten Übung eine konstante Herzfrequenz beibehältst.;Ricorda di mantenere un buon ritmo uniforme in modo da mantenere una frequenza cardiaca costante per tutto l'esercizio.;Vergeet niet om een ??mooi gelijkmatig tempo aan te houden, zodat je tijdens de hele oefening een constante hartslag behoudt.;;0;;db;;;;
584;Remember what we discussed last time, take it easy out there. Don't overexert yourself. Have fun.;Denke daran, was wir das letzte Mal besprochen haben. Überanstrenge dich nicht. Habe Spaß.;Ricorda quello che abbiamo detto l'ultima volta, rilassati. Non sforzarti troppo. Divertiti.;Onthoud wat we de vorige keer hebben besproken, doe het rustig aan. Overbelast jezelf niet. Veel plezier.;;0;;db;;;;
625;Don't quit! Starting again from the beginning is more difficult than continuing.;Hör nicht auf! Es ist schwieriger, von vorne zu beginnen, als fortzufahren.;Non mollare! Ricominciare da capo è più difficile che continuare.;Stop niet! Vanaf het begin opnieuw beginnen is moeilijker dan doorgaan.;;0;;dq;;;;
632;There will be a day when you can't do this anymore.  Today is not that day.;Es wird einen Tag geben, an dem du das Training nicht mehr machen können wirst. Heute ist nicht dieser Tag.;Ci sarà un giorno in cui non potrai più farlo. Oggi non è quel giorno.;Er komt een dag dat je dit niet meer kunt doen. Vandaag is het niet die dag.;;0;;dq;;;;
647;I know it's difficult but think how good you will feel when you're done exercising today.;Ich weiß, dass es schwierig ist, aber denke daran, wie gut du dich fühlen wirst, wenn du heute mit dem Training fertig bist.;So che è difficile, ma pensa a quanto ti sentirai bene quando avrai finito di allenarti oggi.;Ik weet dat het moeilijk is, maar bedenk hoe goed je je zult voelen als je vandaag klaar bent met trainen.;;0;;dq;;;;
648;Focus on achieving your daily goal. I know you can do it.;Konzentriere dich darauf, dein tägliches Ziel zu erreichen. Ich weiß, dass du es schaffst.;Concentrati sul raggiungimento del tuo obiettivo quotidiano. So che puoi farcela.;Richt je op het bereiken van je dagelijkse doel. Ik weet dat je het kan.;;0;;dq;;;;
653;Just focus on this activity right now - don't worry about what you already did, don't worry about what's coming.;Konzentrieren dich jetzt auf diese Aktivität - mache dir keine Sorgen darüber, was du bereits getan hast, mache dir keine Sorgen darüber, was noch kommt.;Concentrati solo su questa attività adesso - non preoccuparti di ciò che hai già fatto, non preoccuparti di ciò che sta arrivando.;Concentreer je nu gewoon op deze activiteit - maak je geen zorgen over wat je al hebt gedaan, maak je geen zorgen over wat er gaat komen.;;0;;dq;;;;
681;You might feel like being lazy today, but working out will pay off tomorrow!;Vielleicht möchtest du heute faul sein, aber das Training zahlt sich bereits morgen aus!;Oggi potresti sentirti pigro/a, ma allenarti ti ripagherà domani!;Misschien heb je vandaag zin om lui te zijn, maar sporten loont morgen!;;0;;dq;;;;
684;You can make a difference to your body and health. Don't stop and do nothing because your body relies on your motivation to make a difference;Du kannst deinen Körper und deine Gesundheit verbessern. Höre nicht auf zu trainieren, denn dein Körper ist auf deine Motivation angewiesen, um gesund zu bleiben.;Puoi fare la differenza per il tuo corpo e la tua salute. Non fermarti perché il tuo corpo si affida alla tua motivazione per fare la differenza.;Jij kunt een verschil maken voor je lichaam en gezondheid. Stop niet, want je lichaam vertrouwt op jouw motivatie om het verschil te maken;;0;;dq;;;;
686;You can do this, I know you can. Just take baby steps, one thing at a time.;Du kannst es schaffen, ich weiß, dass du es kannst. Der Schlüssel zum Erfolg sind kleine Schritte, einer nach dem anderen.;Puoi farlo, sai che puoi. Inizia con un piccolo passo, una cosa alla volta.;Je kunt dit, ik weet dat je het kunt. Neem gewoon babystapjes, één ding tegelijk.;;0;;dq;;;;
688;Get up and exercise. You have no good reason not to.;Steh auf und trainiere. Du hast keinen guten Grund, es nicht zu tun.;Alzati e allenati. Non hai buone ragioni per non farlo.;Sta op en ga bewegen. Je hebt geen goede reden om het niet te doen.;;0;;dq;;;;
695;Great job finishing you exercise. Let's go a little harder next time!;Tolle Arbeit! Lass uns das nächste Mal die Intensität etwas erhöhen.;Hai fatto un buon lavoro nel finire l'esercizio. Spingiamo un pò di più la prossima volta!;Geweldig dat je de oefening af hebt gemaakt. Laten we de volgende keer er nog een tandje bij doen!;;0;;ia;;;;
697;Good workout but next time I want to see you step it up.;Gutes Training, aber beim nächsten Mal möchte ich sehen, dass du dich mehr anstrengst.;Buon allenamento ma la prossima volta voglio vederti fare di più.;Goede training, maar de volgende keer wil ik dat je het tempo opvoert.;;0;;ia;;;;
699;Next time push yourself a little bit more;Treib dich das nächste Mal ein bisschen mehr an. ;La prossima volta sforzati un pò di più;Push jezelf nog iets meer de volgende keer;;0;;ia;;;;
700;You're making good progress. Next time you can step it up a little.;Du machst gute Fortschritte. Das nächste Mal kannst du die Trainingsintensität ein wenig steigern.;Stai facendo buoni progressi. La prossima volta puoi intensificare un pochino.;Je boekt goede vooruitgang. De volgende keer kun je het een beetje opvoeren.;;0;;ia;;;;
704;Next time you exercise, plan on pushing yourself a bit harder.;Wenn du das nächste Mal trainierst, nimm dir vor, dich etwas mehr zu verausgaben.;La prossima volta che ti alleni, programma di fare un pò di più.;Neem jezelf voor de volgende keer dat je oefent jezelf nog iets meer in te zetten.;;0;;ia;;;;
713;Remember the plan - really go for it today!;Erinnere dich an den Plan - steigere die Intensität heute etwas!;Ricorda il tuo obiettivo: fallo oggi!;Denk aan je plan: ga er vandaag echt voor!;;0;;ib;;;;
715;I know you can increase the intensity this time.;Ich weiß, dass du diesmal die Intensität erhöhen kannst.;So che puoi aumentare d'intensità questa volta.;Ik weet dat je deze keer de intensiteit kunt verhogen.;;0;;ib;;;;
723;I know you can step it up a notch this time.;Ich weiß, dass du diesmal noch einen Schritt weiter gehen kannst.;So che questa volta puoi fare un passo avanti.;Ik weet dat je deze keer net iets meer kunt doen.;;0;;ib;;;;
724;Are you ready to take it up a notch?;Bist du bereit, die Intensität etwas zu steigern?;Sei pronto/a per fare un passo avanti?;Ben je klaar om een ??stapje verder te gaan?;;0;;ib;;;;
728;Remember last time how well you did? This time challenge yourself and bump up the intensity.;Erinnerst du dich an das letzte Mal, wie gut du es gemacht hast? Fordere dich diesmal selbst heraus und steigere die Intensität.;Ricordi com'è andata bene l'ultima volta? Questa volta mettiti alla prova e aumenta l'intensità.;Weet je nog hoe goed je het de vorige keer deed? Daag jezelf deze keer uit en verhoog de intensiteit.;;0;;ib;;;;
730;This time we already know you can finish so lets step it up a notch.;Dieses Mal wissen wir bereits, dass du das Training schaffst. Lass uns also noch einen Schritt weiter gehen und die Intensität erhöhen.;Questa volta sappiamo già che puoi farcela, quindi facciamo un passo avanti.;Deze keer weten we al dat je het kunt afmaken, dus laten we een stapje verder gaan.;;0;;ib;;;;
731;You can increase the intensity today!;Du kannst die Intensität heute erhöhen!;Puoi aumentare l'intensità oggi!;Je kunt vandaag de intensiteit verhogen!;;0;;ib;;;;
732;You did great the last time, try and step it up some.;Du hast das Training das letzte Mal großartig gemacht, versuche aber es noch ein bisschen zu steigern.;L'ultima volta sei andato alla grande, prova a intensificare un pò.;Je hebt het de vorige keer geweldig gedaan, probeer dit keer iets verder te gaan.;;0;;ib;;;;
741;Last time you did a lot, but I know you have it in you to increase the intensity.;Das letzte Mal hast du viel getan, aber ich weiß, dass du es in dir hast, die Intensität zu erhöhen.;L'altra volta hai fatto molto, ma so che puoi fare anche di più.;De afgelopen keer heb je veel gedaan, maar ik weet dat je het in je hebt om de intensiteit nog iets te verhogen.;;0;;ib;;;;
753;You did great last time. Try to do that again.;Du hast es das letzte Mal großartig gemacht. Mach es heute genau so.;Hai fatto davvero bene l'ultima volta. Prova a farlo di nuovo.;Je hebt het de vorige keer geweldig gedaan. Probeer dat weer te doen.;;0;;mb;;;;
757;Remember, just do exactly what you did last time.  You can do it.;Denke daran, tue genau das, was du das letzte Mal getan hast. Du kannst es schaffen.;Ricorda, fai esattamente quello che hai fatto l'ultima volta. Puoi farcela.;Onthoud, doe precies wat je vorige keer ook deed. Je kunt het.;;0;;mb;;;;
759;You did great last time you'll do great again!;Du hast es das letzte Mal großartig gemacht, du wirst es wieder großartig machen!;Sei stato/a grande l'ultima volta e lo sarai di nuovo!;De vorige keer deed je het geweldig, je zult het nu ook geweldig doen!;;0;;mb;;;;
760;I'm so glad you are back again! Let's have another great workout today!;Ich bin so froh, dass du wieder zurück bist! Lass uns heute ein weiteres großartiges Training haben!;Sono così felice che tu sia tornato/a! Facciamo un altro ottimo allenamento oggi!;Ik ben heel blij dat je weer terug bent! Laten we weer een geweldige training doen vandaag!;;0;;mb;;;;
763;Are you ready for another great day?!;Bist du bereit für einen weiteren tollen Tag?!;Sei pronto/a per un'altra fantastica giornata?;Ben je weer klaar voor een gewelige dag?!;;0;;mb;;;;
769;Lets try to match the intensity of the last workout.;Versuchen wir, die Intensität des letzten Trainings zu wiederholen.;Proviamo a riprendere l'intensità dell'ultimo allenamento.;Laten we proberen om een gelijke intensiteit aan te houden als tijdens de vorige training.;;0;;mb;;;;
776;Remember how good it felt last time!;Denk daran, wie gut es sich beim letzten Mal angefühlt hat!;Ricorda quanto ti sei sentito/a bene l'ultima volta!;Bedenk hoe oged het de vorige keer voelde!;;0;;mb;;;;
778;Consistency is the key and you're already on the right track to having a consistent and wonderful exercise every time!;Konsistenz ist der Schlüssel und du bist bereits auf dem richtigen Weg, um jedes Mal eine konsistente und wundervolle Übung durchzuführen!;La coerenza è la chiave e sei già sulla buona strada per allenarti in modo costante e meraviglioso ogni volta!;Concequent zijn is de sleutel naar succes en je bent al op de goede weg om steeds weer een fijne en constante training te doen!;;0;;mb;;;;
781;Once again make yourself proud!;Mach dich ein weiteres Mal stolz!;Ancora una volta sentiti orgoglioso/a!;Maak jezelf opnieuw trots!;;0;;mb;;;;
789;Don't you think that you would feel better if you start to exercise now?;Glaubst du nicht, dass du dich besser fühlen würdest, wenn du jetzt anfängst zu trainieren?;Non pensi che ti sentiresti meglio se iniziassi ad esercitarti adesso?;Denk je niet dat je je beter zou voelen als je nu gaat sporten?;;0;;neg;;;;
790;Wouldn't it be worth for your own well-being to start exercising?;Ist es dir nicht wert für dein Wohlbefinden mit dem Training zu beginnen?;Non varrebbe la pena iniziare ad allenarti per il tuo benessere?;Zou het voor je eigen welzijn niet de moeite waard zijn om te beginnen met sporten?;;0;;neg;;;;
791;Are you done doing nothing?;Bist du fertig damit, nichts zu tun?;Hai smesso di procrastinare?;Ben je klaar met niets doen?;;0;;neg;;;;
805;You gotta start somewhere to get to your goal.  How bad do you want it?;Du musst irgendwo anfangen, um an dein Ziel zu gelangen. Wie sehr willst du es?;Devi iniziare da qualche parte per raggiungere il tuo obiettivo. Quanto sei motivato/a?;Je moet ergens beginnen om je doel te bereiken. Hoe graag wil je het?;;0;;neg;;;;
808;Don't want a mobility scooter? get up!;Du willst kein Elektromobil? Dann steh auf!;Non vuoi una seggiola a rotelle? Alzati allora!;Wil je geen scootmobiel? sta op!;;0;;neg;;;;
813;Start exercising for the sake of your health!;Starte mit dem Training, deiner Gesundheit zuliebe!;Inizia ad allenarti per la tua salute!;Begin met sporten omwille van uw gezondheid!;;0;;neg;;;;
818;Stop saying tomorrow.;Hör auf es auf morgen zu verschieben!;Smetti di rimandare a domani.;Stop met uitstellen naar morgen.;;0;;neg;;;;
820;If you keep on going, these exercises will get much easier for you in the future!;Wenn du weitermachst, werden diese Übungen für dich in Zukunft viel einfacher. Versporchen!;Se continui a fare questi esercizi, ti risulteranno molto più facili in futuro!;Als je door blijft gaan, zullen deze oefeningen in de toekomst veel gemakkelijker voor je worden!;;0;;neu;;;;
824;If you keep on exercising regularly, it will pay off afterwards.;Wenn du regelmäßig weiter trainierst, zahlt es sich später aus.;Se continui ad allenarti regolarmente, ne sarai ripagato/a.;Als je regelmatig blijft sporten, loont het achteraf.;;0;;neu;;;;
834;You already started, that's good! Now try to hold on.;Du hast schon angefangen, das ist gut! Versuche nun durchzuhalten.;Hai già inizaito, bene! Adesso prova a mantenere il ritmo.;Je bent al begonnen, dat is goed! Probeer dit nu vast te houden.;;0;;neu;;;;
839;Always remember, it is important to go easy on yourself. You did well.;Denk immer daran, es ist wichtig, sich selbst zu schonen. Du hast es gut gemacht.;Ricorda sempre che è importante andare con calma. Hai fatto bene.;Onthoud altijd dat het belangrijk is om het jezelf niet al te moeilijk te maken. Je hebt het goed gedaan.;;0;;neu;;;;
841;Remember, changing behaviour takes time. Don't be too hard on yourself if it sometimes doesn't work.  It will get better next time.;Denk daran, dass Verhaltensänderungen Zeit brauchen. Sei nicht zu hart mit dir selbst, wenn es manchmal nicht funktioniert. Beim nächsten Mal wird es besser.;Ricorda, cambiare atteggiamento richiede tempo. Non essere troppo severo/a con te stesso/a se a volte non va bene. Andrà meglio la prossima volta.;Onthoud dat het veranderen van gedrag tijd kost. Wees niet te streng voor jezelf als het soms niet werkt. De volgende keer wordt het beter.;;0;;neu;;;;
893;No matter how slow you go, you are still lapping everybody on the couch.;Egal wie langsam du trainierst, du überholst immer noch alle die auf der Couch sitzen.;Non importa quanto tu vada lentamente, stai comunque lasciando gli altri sul divano.;Hoe langzaam je ook gaat, Je hebt nog steeds iedereen op die op de bank zit verslagen.;;0;;neu;;;;
909;You did a good job don't be disappointed.;Du hast tolle Arbeit geleistet, sei nicht enttäuscht.;Hai fatto un buon lavoro, non sentirti deluso/a.;Je hebt het goed gedaan, wees niet teleurgesteld.;;0;;neu;;;;
914;It's alright. Keep at it. You will be able to get there soon enough.;Es ist in Ordnung. Weiter so. Du wirst früh genug dein Ziel erreichen.;Va tutto bene. Continua a farlo. Sarai in grado di arrivarci abbastanza presto.;Het is ok. Ga ermee door. Je zult het binnenkort kunnen halen.;;0;;neu;;;;
915;You gave it all you got.  That's what counts!;Du hast alles gegeben was du hast. Darauf kommt es an!;Hai dato il massimo. Questo è ciò che conta!;Je hebt alles gegeven wat je in je hebt. Dat is wat telt!;;0;;neu;;;;
927;You pushed yourself and didn't give up. Next time you'll do even better. It'll get easier. Don't give up.;Du hast dich angestrengt und nicht aufgegeben. Nächstes Mal wirst du es noch besser machen. Es wird einfacher. Gib nicht auf.;Ti sei sforzato/a e non ti sei arreso/a. La prossima volta farai ancora meglio. Sarà più facile. Non mollare.;Je zette door en gaf niet op. De volgende keer doe je het nog beter. Het wordt steeds makkelijker. Geef niet op.;;0;;neu;;;;
947;Congrats, you've succeeded in another healthy exercise.;Herzlichen Glückwunsch, du hast eine weitere Übung erfolgreich absolviert.;Complimenti, sei riuscito/a in un altro esercizio salutare.;Gefeliciteerd je bent er weer ingeslaagd om een gezonde oefening te doen.;;0;;pos;;;;
958;You're doing great. Just keep going and you'll reach your goal.;Du machst das großartig. Mach einfach weiter und du wirst dein Ziel erreichen.;Stai andando molto bene. Continua così e raggiungerai il tuo obiettivo.;Je doet het geweldig. Blijf gewoon doorgaan en je zult je doel bereiken.;;0;;pos;;;;
970;Keep up the good work. The results of your hard work and dedication to fitness will surely pay off.;Mach weiter so. Die Ergebnisse deiner harten Arbeit und deines Engagements für Fitness werden sich sicherlich auszahlen.;Continua così. I risultati del tuo duro lavoro e della tua dedizione ti ripagheranno sicuramente.;Ga zo door. De resultaten van je harde werk en toewijding aan bewegen zullen zeker lonen.;;0;;pos;;;;
972;You are doing awesomely. Keep it up.;Du machst das großartig. Mach weiter.;Stai facendo meravigliosamente. Continua così.;Je doet het geweldig. Ga zo door.;;0;;pos;;;;
974;Every time you exercise, your body becomes healthier! Keep up the good work!;Jedes Mal, wenn du trainierst wird dein Körper gesünder! Mach weiter so!;Ogni volta che si allena, il tuo corpo diventa più sano! Continua così!;Elke keer dat je traint, wordt je lichaam gezonder! Ga zo door!;;0;;pos;;;;
1001;Wonderful job today! Keep it up!;Wunderbare Arbeit heute! Mach weiter!;Bellissimo lavoro oggi! Continua così!;Geweldig werk vandaag! Ga zo door!;;0;;pos;;;;
1005;Don't you agree that you feel more relaxed than before?;Stimmst du nicht zu, dass du dich entspannter fühlst als zuvor?;Non pensi di sentirti più rilassato/a di prima?;Voel je je nu niet meer ontspannen dan hiervoor?;;0;;pos;;;;
1008;Keep it up!  Remember that you're improving your health!;Mach weiter! Denke daran, dass du deine Gesundheit verbesserst!;Continua così! Ricorda che stai migliorando la tua salute!;Ga zo door! Onthoud dat je werkt aan een betere gezondheid!;;0;;pos;;;;
1012;Don't forget, you committed to start with some exercise in the future, and now is the time to stick to your promises.;Vergiss nicht, du hast dich verpflichtet dich in Zukunft etwas mehr zu bewegen, und jetzt ist es an der Zeit, dein Versprechen einzuhalten.;Non dimenticare, ti sei impegnato/a a iniziare un pò di allenamento e ora è il momento di mantenere le promesse.;Vergeet niet dat je je hebt voorgenomen om te starten met meer bewegen. Nu is het moment om je aan je voornemen te houden.;;0;;stg;;;;
1013;You started for a reason, keep that in mind.;Du hast einen guten Grund gehabt anzufangen, denk daran.;Hai iniziato per una ragione, ricordatelo.;Je had een goede reden om hiermee te beginnen, onthou dat.;;0;;stg;;;;
1014;When you feel like quitting, think about why you started.;Wenn du aufhören möchten, denke darüber nach, warum du angefangen hast.;Quando hai voglia di smettere, pensa al motivo per cui hai iniziato.;Als je wil stoppen, bedenk dan waarom je bent begonnen.;;0;;stg;;;;
1019;You can always find time to stay healthy.;Du kannst immer Zeit finden um etwas für deine Gesundheit zu tun!;Puoi sempre trovare del tempo per rimanere in salute.;Je kunt altijd tijd vinden om gezond te blijven.;;0;;stg;;;;
1027;This is your first goal.;Dies ist dein erstes Ziel.;Questo è il tuo primo obiettivo.;Dit is je eerste doel.;;0;;;;first_goal_title;;
1028;Hello, great that you decided to be more active! We use a a unique system where you can choose your physical activities freely and receive credits after completion. Every week you get new credit pool which you can use to pick  your favorite activities. Depending on how active you are the credit score gets either higher or lower. Remember, the higher the better!But enough talk let's get started!;Hallo, toll, dass du dich entschieden hast, aktiver zu sein! Wir verwenden ein einzigartiges System, mit dem du deine körperlichen Aktivitäten frei wählen und nach Abschluss Credits erhalten kannst. Jede Woche erhältst du einen neuen Kreditpool, mit dem du deine Lieblingsaktivitäten auswählen kannst. Je nachdem, wie aktiv du bist, wird der Kredit-Score entweder höher oder niedriger. Denke daran, je höher desto besser!  Aber genug geredet, fangen wir an!;Ciao, è fantastico che hai deciso di essere più attivo! Usiamo un sistema unico in cui puoi scegliere le tue attività fisiche e ricevere crediti dopo il completamento. Ogni settimana riceverai dei crediti che potrai utilizzare per scegliere le tue attività preferite. A seconda di quanto sei attivo/a, il tuo credito aumenta o diminuisce. Ricorda, più è alto, meglio è! La prima settimana hai 1000 crediti per conoscere il sistema e non esagerare. Ma basta con le chiacchiere, iniziamo!;Hallo, geweldig dat je hebt besloten om actiever te worden! We gebruiken een uniek systeem waarbij je zelf je fysieke activiteiten kunt kiezen en na afronding punten kunt ontvangen. Elke week krijg je een nieuw aantal punten die je kunt verdelen over je favoriete activiteiten. Afhankelijk van hoe actief je bent, wordt de puntenscore hoger of lager. Onthoud: hoe hoger, hoe beter!  Maar genoeg gepraat, laten we beginnen!;;0;;;;first_goal_text;;
1033;This constellation generates {} credits. ;Diese Konstellation generiert {} Credits.;Questa classe di allenamento genera {} crediti;Deze samenstelling van activiteiten levert {} punten op;;0;;;;credits_information_general;;
1034;You still need {} more credits in order to set up a weekly physical goal which matches your profile. You can add another physical activity to so.;Du benötigst noch {} mehr Credits, um das wöchentliches Ziel zu erreichen, das deinem Profil entspricht. Du kannst dazu eine weitere körperliche Aktivität hinzufügen.;Hai ancora bisogno di {} crediti per impostare un obiettivo fisico settimanale che corrisponda al tuo profilo. Quindi puoi aggiungere un'altra attività fisica.;Je hebt nog {} punten nodig om het beweegdoel te halen dat past bij je profiel. Je kan nog een beweegactiviteit toevoegen om dit te halen.;;0;;;;credits_information_more;;
1035;With this constellation you meet your goal for this week. Congrats! ;Mit dieser Konstellation erreichst du dein Ziel für diese Woche. Glückwunsch!;Con questo set di esercizi hai raggiunto il tuo obiettivo per questa settimana. Congratulazioni!;Met deze samenstelling van activiteiten haal je je weekdoel. Gefeliciteerd!;;0;;;;credits_information_stay;;
1036;With this constellation you exceed your goal by {} credits. Consider to do less and do not push too hard!;Mit dieser Konstellation übertriffst du dein Ziel um {} Credits. Erwäge weniger zu tun und es nicht zu übertreiben!;Con questa classe di allenamenti hai superato il tuo obiettivo di {} crediti. Poui fare anche meno e di non spingerti troppo oltre i tuoi limiti!;Deze samenstelling van activiteiten gaat met {} punten over je gestelde doel heen. Overweeg om iets minder te doen om jezelf niet te overvragen.;;0;;;;credits_information_less;;
1037;Your {} physical activity is scheduled for {} minutes today.;Deine {} körperliche Aktivität ist heute für {} Minuten geplant.;Per oggi sono previsti {} minuti di {} attività fisica.;Je {} beweegactiviteit is ingepland voor {} minuten vandaag.;;0;;;;notification_morning_activity;;
1038;This activity will increase your weekly physical acitivty goal by {} percent.;Diese Aktivität erhöht dein wöchentliches Ziel für körperliche Aktivität um {} Prozent.;Questa attività aumenterà il tuo obiettivo settimanale di esercizio fisico del {} percento.;Deze activiteit zal je wekelijkse beweegdoel verhogen met {} procent;;0;;;;notification_morning_credits;;
1039;Physical Activity;Körperliche Aktivität;Attività fisica;Beweging;;0;;;;dashboard_title;;
1040;Your physical activity score is {}%.;Dein erreichter Wert für körperliche Aktivität beträgt {}%.;Il tuo punteggio di attività fisica è {}%.;Je beweeg score is {} %.;;0;;;;dashboard_content;;
1041;Well done! ;Gut gemacht!;Ben fatto!;Goed gedaan!;;0;;;;dashboard_content_pos;;
1042;What's more important right now? ;Was ist momentan wichtiger?;Cosa c'è di più importante adesso?;Wat is op dit moment belangrijker?;;0;;;;dashboard_content_neg;;
1043;Keep up the good work! ;Mach weiter so!;Continua questo buon lavoro!;Blijf zo doorgaan!;;0;;;;dashboard_content_neu;;
1044;Here are your weekly physical activity achievements. ;Hier sind deine wöchentlichen Erfolge für physische Aktivität.;Ecco i risultati del tuo esercizio fisico settimanale.;Hier zijn je wekelijkse behaalde beweegdoelen;;0;;;;service_title;;
1045;Your weekly goal targets the achievement of {} activity credits. ;Dein wöchentliches Ziel zielt auf das Erreichen von {} Credits ab.;Il tuo obiettivo settimanale mira al raggiungimento di {} crediti.;Je weekdoel beoogt het behalen van {} punten.;;0;;;;goalinfo_info;;
1046;So far, you have defined {} credits.;Bisher hast du {} Credits vergeben.;Finora hai raggiunto {} crediti.;Tot nu toe heb je {} toegewezen punten;;0;;;;goalinfo_achieved;;
1047;Please allocate the remaining {} credits by adding additional activities. ;Bitte vergib die verbleibenden {} Credits, indem du zusätzliche Aktivitäten hinzufügst.;Puoi acquisire i rimanenti {} crediti aggiungendo altre attività.;Geef de resterende {} punten uit door extra activiteiten toe te voegen.;;0;;;;goalinfo_remaining;;
1048;Currently, your weekly goal consists of following activities:;Derzeit besteht dein wöchentliches Ziel aus folgenden Aktivitäten:;Attualmente, il tuo obiettivo settimanale consiste nelle seguenti attività:;Op dit moment bestaat je weekdoel uit de volgende activiteiten:;;0;;;;goalinfo_activities;;
1049;This activity is equivalent to {} activity credits. ;Diese Aktivität entspricht {} Credits.;Questa arrività corrisponde a {} crediti.;Deze activiteit staat gelijk aan {} beweegpunten;;0;;;;goalinfo_activity_info;;
1050;You achieved already {} credits.;Du hast bereits {} Credits erreicht.;Hai già acquisito {} crediti.;Je hebt al {} punten behaald.;;0;;;;goalinfo_activity_achieved;;
1051;How was your {}?;Wie war dein {}?;Com'è stato il tuo {}?;Hoe ging je {}?;;0;;;;notification_evening_title;;
1052;You were supposed to do it today. Where you able to do it?;Du hättest es heute tun sollen. Hast du es geschafft?;Avresti dovuto farlo oggi. Ci sei riuscito?;Je was van plan dit te doen vandaag. Is het gelukt?;;0;;;;notification_evening_content;;
1053;Was it difficult for you?;War es schwierig für dich?;E' stato difficile per te?;Was het moeilijk voor je?;;0;;;;notification_evening_done;;
1054;Why did you skip the activity?;Warum hast du die Aktivität nicht gemacht?;Come mai hai saltato l'attività?;Waarom heb je deze activiteit overgeslagen?;;0;;;;notification_evening_notdone_content;;
1055;You managed to get throught the week. You achieved {}% of your weekly goal. ;Du hast es geschafft, die Woche durchzuhalten. Du hast {}% deines wöchentlichen Ziels erreicht.;Sei riuscito a superare la settimana. Hai raggiunto il {}% del tuo obiettivo settimanale.;Je hebt het einde van de week gehaald. Je hebt {} % van je weekdoel behaald.;;0;;;;notification_goal_content;;
1056;Your goal for next week will be to {} by {} credits to {}. Does that sound reasonable to you?;Dein Ziel für die nächste Woche ist die {} von {} Credits auf {}. Klingt das vernünftig für dich?;Il tuo obiettivo per la prossima settimana sarà {] di {} crediti a {}. Ti sembra ragionevole?;Je doel voor volgende week zal zijn om {} met {} punten tot {}. Klinkt dat redelijk?;;0;;;;notification_goal_newgoal;;
1057;You completed this activity;Du hast diese Aktivität abgeschlossen;Hai completato questa attività.;Je hebt deze activiteit afgemaakt;;0;;;;goalinfo_activity_completed;;
1058;Your goal for the upcoming week is to {} your activity credits by {} units. Does that sound reasonable to you? ;Dein Ziel für die kommende Woche ist es, deine Credits um {} Einheiten zu erhöhen. Klingt das vernünftig für dich?;Il tuo obiettivo per la prossima settimana è di {} crediti per attività di {} unità. Ti sembra ragionevole?;Je doel voor de komende week is om je beweegpunten {} met {} punten. Klinkt dat redelijk?;;0;;;;goalprogress_info;;
1059;Alright, you can also set your own goal;Okay, du kannst dir auch ein eigenes Ziel setzen;Ok, puoi anche fissare il tuo obiettivo personale;Ok, je kunt ook je eigen doel stellen;;0;;;;goalprogress_adjustment_title;;
1060;What's a reasonable goal in your opinion? ;Was ist deiner Meinung nach ein besseres Ziel?;Qual'è un obiettivo ragionevole per te?;Wat is een redelijk doel in jouw ogen?;;0;;;;goalprogress_adjustment_content;;
1061;Increase by {};Erhöhen um {};Aumenta di {};Verhogen met {};;0;;;;goalprogress_adjustment_increase;;
1062;Ok, {} sounds reasonable;Ok, {} klingt gut;Ok, {} sembra fattibile;Ok, {} klinkt redelijk;;0;;;;goalprogress_adjustment_stay;;
1063;Decrease by {} ;Verringern um {} ;Diminuisci di {};Verminderen met {};;0;;;;goalprogress_adjustment_decrease;;
1064;The activity was too hard;Die Aktivität war zu schwer;L'attività è stata troppo difficile;De activiteit was te lastig;;0;;;;reason;;
1065;I had no time doing the activity;Ich hatte keine Zeit die Aktivität zu machen;Non ho avuto tempo di fare gli esercizi;Ik had er geen tijd voor;;0;;;;reason;;
1066;I find this activity not useful;Ich finde die Aktivität nicht nützlich;Non ho trovato utile questa attività;Ik vond deze activiteit niet nuttig;;0;;;;reason;;
1067;I could not motivate myself;Ich konnte mich nicht motivieren;Non mi sono sentito/a motivato/a;Ik kon mezelf er niet toe zetten;;0;;;;reason;;
1068;Cycling is an efficient and joint-friendly cardiovascular training. This type of training improves cardiac muscle work, which optimizes blood redistribution, lowers blood pressure, stabilizes blood sugar and strengthens the immune system. It increases the general endurance, as well as the respiratory function and thus influences the stamina in everyday life. In addition to improving the general endurance, especially the leg muscles can be strengthened.;Radfahren ist ein effizientes und gelenkschonendes Herz-Kreislauftraining . Diese Art des Trainings bewirkt eine Verbesserung der Herzmuskelarbeit, wodurch die Blutumverteilung optimiert, der Blutdruck gesenkt, Blutzucker stabilisiert und das Immunsystem gestärkt wird. Es steigert die allgemeine Ausdauerfähigkeit, sowie die Atemfunktion und beeinflusst somit das Durchhaltevermögen im Alltag,  Neben der Verbesserung der allgemeinen Ausdauer, kann vor allem die Beinmuskulatur gekräftigt werden. ;Il ciclismo è un allenamento cardiovascolare efficace e adatto alle articolazioni. Questo tipo di allenamento migliora il lavoro dei muscoli cardiaci, ottimizza la ridistribuzione del sangue, abbassa la pressione sanguigna, stabilizza lo zucchero nel sangue e rafforza il sistema immunitario. Aumenta la resistenza generale, così come la funzione respiratoria e quindi influenza la resistenza nella vita di tutti i giorni. Oltre a migliorare la resistenza generale, in particolare vengono rafforzati i muscoli delle gambe.;Fietsen is een efficiente activiteit voor het trainen van je hart en bloedvaten en vriendelijk voor je gewrichten. Dit type van training verbetert de werking van je hartspier en daardoor ook de bloeddoorstroming. Het verlaagt de bloeddruk, stabiliseert de suikerwaardes in het bloed en ondersteunt het immuunsysteem. Het verbetert het uithoudingsvermogen en de ademhaling. Ook worden de beenspieren versterkt.;;0;;;;;cycling;description
1069;This cardiovascular training in the fresh air also enables beginners to do a longer endurance session. The joint-protecting component makes it particularly suitable for people with complaints to train the cardiovascular system.;Dieses Herz-Kreislauftraining an der frischen Luft ermöglicht auch EinsteigerInnen eine längere Ausdauereinheit zu absolvieren. Die gelenkschonende Komponente macht es für Personen mit Beschwerden besonders geeignet, um das Herz-Kreislaufsystem zu trainieren.;Questo allenamento all'aria aperta consente a tutti di fare una sessione di resistenza più lunga. L'allenamento è particolarmente adatto per persone con disturbi del sistema cardiovascolare, senza gravare sulle articolazioni.;Deze cardiovasculaire training in de frisse lucht stelt ook beginners in staat om een ??langere duurtraining te doen. Het gewrichtsbeschermende component maakt het bijzonder geschikt voor mensen met klachten om het cardiovasculaire systeem te trainen.;;0;;;;;cycling;advantage
1070;Your bike should be well maintained and adjusted. Roadworthiness is a prerequisite that should be checked regularly by a specialist. The saddle height and offset should also be individually adjusted by a specialist. Despite the professional inspection, the bike should be checked for functionality before each ride. Particular attention should be paid to tire pressure, braking function and gear shift. Adequate protective clothing, such as a helmet, is strongly recommended.;Dein Fahrrad soll gut gewartet und eingestellt sein. Die Verkehrstüchtigkeit ist eine Voraussetzung, die regelmäßig von einem Fachmann geprüft werden sollte. Die Sattelhöhe und -versatz sollten ebenfalls individuell von einem Fachmann angepasst werden. Trotz der Fachmännischen Überprüfung sollte das Fahrrad selbstständig vor jeder Fahrt auf Funktionstüchtigkeit geprüft werden. Besonders zu beachten sind Reifendruck, Bremsfunktion und Gangschaltung. Ausreichende Schutzkleidung, wie etwa ein Helm, wird dringend empfohlen.;La tua bici deve essere ben mantenuta e regolata. La manutenzione tecnica è un prerequisito che dovrebbe essere fatto regolarmente da uno specialista. L'altezza e l'offset della sella devono essere personalizzati. Nonostante l'ispezione professionale, la funzionalità della bicicletta deve essere verificata prima di ogni pedalata. Particolare attenzione dovrebbe essere data alla pressione dei pneumatici, alla funzione di frenata e al cambio. Si consiglia vivamente di indossare indumenti protettivi adeguati, come un casco.;Je sportfiets moet goed onderhouden en afgesteld zijn. Technische controle door een specialist is een vereiste. De zadelhoogte moet individueel worden aangepast en voordat je gaat fietsen moet je checken of de fiets goed werkt. Bijzondere aandacht moet worden besteed aan bandenspanning, remfunctie en versnellingen. Voldoende beschermende kleding, zoals een helm, wordt sterk aanbevolen.;;0;;;;;cycling;warning
1071;Have the bike adjusted individually by a specialist and have it checked for ability to drive;Fahrrad vom Fachmann individuell einstellen lassen und auf Verkehrstüchtigkeit prüfen lassen;Fai regolare la bici da uno specialista e verificane la capacità di guida;Laat een sportfiets individueel afstellen door een specialist en laat deze controleren op veiligheid.;;0;;;;;cycling;bullet point
1072;Put on the helmet and additional protective clothing as well as individual accessories such as sports glasses or gloves before driving.;Helm, sowie zusätzliche Schutzkleidung, als auch individuelles Zubehör, wie etwa Sportbrille oder Handschuhe, vor der Fahrt anziehen.;Indossa il casco e altri indumenti protettivi, nonché accessori individuali come occhiali sportivi o guanti prima di partire.;Zet bij het wielrennen een helm op en gebruik beschermende kleding zoals een sportbril en handschoenen.;;0;;;;;cycling;bullet point
1073;Choose a suitable route. Well-known routes are particularly suitable for beginners. For advanced riders it is also advisable to orientate yourself on known routes and gradually increase them.;Eine geeignete Strecke wählen. Bereits bekannte Strecken sind vor allem für Anfänger geeignet. Bei Fortgeschrittenen empfiehlt es sich ebenfalls, sich an bekannten Strecken zu orientieren und allmählich zu steigern.;Scegli un percorso adatto. Percorsi noti sono particolarmente adatti per i principianti. Per i ciclisti esperti è anche consigliabile orientarsi su percorsi noti e aumentarli gradualmente.;Kies een geschikte route. Bekende routes zijn bijzonder geschikt voor beginners. Voor gevorderde wielrenners is het ook aan te raden om je te oriënteren op bekende routes en deze geleidelijk te vergroten.;;0;;;;;cycling;bullet point
1074;Be prepared. Sufficient fluid and a little strengthening, for example a cereal bar, are recommended;Vorbereitet sein. Genügend Flüssigkeit und eine kleine Stärkung, beispielsweise ein Müsliriegel sind zu empfehlen;Sii preparato. Portati una giusta quantità di acqua e qualche snack, ad esempio, una barretta ai cereali.;Wees voorbereid. Voldoende vocht en een beetje versterking, bijvoorbeeld een mueslireep, worden aanbevolen;;0;;;;;cycling;bullet point
1075;Check the functions of the bike independently before each ride: Tire pressure and the air pressure valve, braking function, gear shift, lighting and lubrication of the bike chain.;Vor jeder Fahrt das Fahrrad selbstständig auf Funktionen prüfen: Reifendruck und das Luftdruckventil, Bremsfunktion, Gangschaltung, Beleuchtung, Schmierung der Fahrradkette;Controlla le funzioni della bici una ad una, prima di ogni pedalata: pressione dei pneumatici e valvola della pressione dell'aria, funzione di frenata, cambio, illuminazione e lubrificazione della catena della bici.;Controleer voor elke rit de verschillende functies van de fiets: bandenspanning en het luchtdrukventiel, remfunctie, versnellingen, verlichting en smering van de fietsketting.;;0;;;;;cycling;bullet point
1076;Stay focused while driving, paying attention to road traffic and other road users;Während der Fahrt konzentriert bleiben, auf den Straßenverkehr und andere Verkehrsteilnehmer achten;Resta concentrato/a durante la guida, prestando attenzione al traffico stradale e agli altri utenti della strada;Blijf gefocust tijdens het rijden en let op het verkeer en andere weggebruikers;;0;;;;;cycling;bullet point
1077;Acute dizziness;Akuter Schwindel;Vertigini;Acute duizeligheid;;0;;;;;cycling;contraindication
1078;Walking is a gentle method to integrate sporting activity into everyday life. The speed you choose can help you to go on long walks and rarely leads to overexertion.;Spazierengehen ist eine schonende Methode, um sportliche Aktivität in den Alltag zu integrieren. Das selbstgewählte Tempo kann dabei helfen längere Spaziergänge durchzuhalten und führt selten zu Überanstrengung.;Camminare è un modo per integrare l'attività sportiva nella vita di tutti i giorni. La velocità scelta può aiutarti a fare lunghe passeggiate e raramente porta a sforzi eccessivi.;Lopen is een fijne manier om beweegactiviteiten in het dagelijks leven te integreren. Het aanpassen van je loopsnelheid kan helpen om lange wandelingen te maken zonder overbelasting.;;0;;;;;walking;description
1079;This cardiovascular training in the fresh air enables beginners in particular to complete a longer endurance session at an individual pace. It is possible both in summer and in winter;Dieses Herz-Kreislauftraining an der frischen Luft ermöglicht besonders EinsteigerInnen eine längere Ausdauereinheit in individuellem Tempo zu absolvieren. Es ist sowohl im Sommer, als auch im Winter möglich.;Questo allenamento cardiovascolare all'aria aperta consente anche ai principianti di completare una sessione di resistenza più lunga seguendo un ritmo individuale. E' possibile sia in estate che in inverno.;Deze cardiovasculaire training in de frisse lucht stelt vooral beginners in staat om op een individueel tempo een langere duursessie te doen. Dit is zowel in de zomer als in de winter mogelijk.;;0;;;;;walking;advantage
1080;Choose a route that is suitable for you in terms of route length, incline / slope and road conditions. Long distances can be an unfamiliar strain on your feet at first.;Wähle eine Strecke, die in Bezug auf Streckenlänge, Steigung/Gefälle und Wegbeschaffenheit geeignet für dich ist. Lange Strecken können anfangs eine ungewohnte Belastung für deine Füße darstellen.  ;Scegli un percorso adatto a te in termini di lunghezza, pendenza e condizioni. Le lunghe distanze potrebbero essere uno sforzo eccessivo per i tuoi piedi all'inizio.;Kies een route die voor jou geschikt is qua lengte, helling en wegomstandigheden. Lange afstanden kunnen in het begin een belasting voor uw voeten zijn.;;0;;;;;walking;warning
1081;Choose comfortable but sturdy shoes and weather-related clothing. The sole of the footwear should have a sufficient profile to minimize the risk of slipping. It may be advisable to wear shoes that protrude above. the ankle in order to stabilize the ankle and prevent it from twisting.;Bequemes aber festes Schuhwerk und wetterbedingte Kleidung auswählen . Die Sohle des Schuhwerks sollte ausreichend Profil aufweisen, um die Rutschgefahr zu minimieren. Unter Umständen empfiehlt es sich Schuhe, die über Knöchelhöhe ragen zu tragen, um das Fußgelenk zu stabilisieren und das Umknicken zu verhindern.;Scegli scarpe comode e robuste, e abiti adatti alle condizioni meteo. La suola delle scarpe deve essere tale da minimizzare il rischio di scivolamento. E' preferibile indossare scarpe sopra la caviglia al fine di stabilizzarla ed evitare distorsioni.;Kies comfortabele maar stevige schoenen en weerbestendige kleding. De zool van het schoeisel moet een voldoende profiel hebben om het risico op uitglijden te minimaliseren. Het kan raadzaam zijn schoenen te dragen tot boven de enkel voor de stevigheid.;;0;;;;;walking;bullet point
1082;Choose a suitable route. Start with a route you already know. Orientate yourself on already known routes and gradually increase the length, the incline or the slope of the route.;Wähle eine geeignete Strecke. Beginne mit einer Strecke, die du bereits kennst. Orientiere dich an bereits bekannten Strecken und steigere allmählich die Länge, die Steigung oder das Gefälle der Strecke.;Scegli un sentiero praticabile. Inizia da una strada che conosci già. Orientati in un sentiero che conosci e aumenta gradualmente la lunghezza, la pendenza o la ripidità del percorso.;Kies een geschikte route. Begin met een route die je al kent. Oriënteer jezelf op reeds bekende routes en vergroot geleidelijk de lengte, of de hoeveelheid heuvels in de route.;;0;;;;;walking;bullet point
1083;Ensure sure-footedness on unpaved paths;Bei unbefestigten Wegen auf Trittsicherheit achten;Procedi a passo sicuro su percorsi non asfaltati;Zorg dat je stevig staat en in balans bent als je op onverharde paden loopt;;0;;;;;walking;bullet point
1084;No contraindications;Keine Kontraindikationen;Non ci sono controindicazioni;Geen contra-indicaties;;0;;;;;walking;contraindication
1085;Shoveling snow is a physically demanding task that can be used well in winter with heavy snow to be physically active. Above all, strength and endurance of the whole body are required. Lifting or pushing the snow requires a sustained effort from the back, arm, shoulder, trunk and leg muscles, which, in addition to strengthening the muscles, has a training effect on the cardiovascular system.;Schneeschaufeln ist eine körperlich anstrengende Aufgabe, die im Winter bei starkem Schneefall gut genutzt werden kann, um körperlich aktiv zu sein. Dabei sind vor allem Kraft und Ausdauer des ganzen Körpers gefragt. Das Heben oder auch das Schieben des Schnees benötigt einen ausdauernden Krafteinsatz der Rücken-, Arm-, Schulter, Rumpf- und Beinmuskulatur, wodurch, zusätzlich zur Muskelstärkung, ein Trainingseffekt des Herz-Kreislaufsystems erzielt wird.;Spalare la neve è un compito impegnativo a livello fisico che può essere fatto in inverno per essere attivi. Prima di tutto, richiede forza e resistenza a tutto il corpo. Sollevare o spostare la neve richiede uno sforzo sostenuto a livello della muscolatura di schiena, braccia, spalle, tronco e gambe che, oltre a raffrozare questi muscoli, ha un effetto benefico per il sistema cardiovascolare.;Sneeuwschuiven is een fysiek veeleisende taak die goed kan worden gebruikt als beweging in een winter met veel sneeuw. Er is kracht en uithoudingsvermogen van het hele lichaam voor vereist. Het schuiven en tillen van de sneeuw vereist een aanhoudende inspanning van de rug-, arm-, schouder-, romp- en beenspieren, wat naast het versterken van de spieren een trainingseffect heeft op het cardiovasculaire systeem.;;0;;;;;shoveling;description
1086;Shoveling snow is training for the whole body. In addition to improving endurance when shoveling snow for longer, the back, shoulder, arm, trunk and leg muscles are strengthened.;Schneeschaufeln ist ein Training für den gesamten Körper. Neben der Verbesserung der Ausdauer bei längerem Schneeschaufeln, werden dabei Rücken-, Schulter, Arm, Rumpf und Beinmuskulatur gestärkt.;Spalare la neve è un allenamento per tutto il corpo. Oltre a migliorare la resistenza quando spali a lungo, i muscoli di schiena, spalle, braccia, tronco e gambe si rafforzano.;Sneeuwschuiven is een training voor het hele lichaam. Naast het verbeteren van het uithoudingsvermogen worden bij het langer scheppen van sneeuw de rug-, schouder-, arm-, romp- en beenspieren versterkt.;;0;;;;;shoveling;advantage
1087;Too much snow on the shovel can cause injury. There is a risk of slipping.;Zu viel Schnee auf der Schaufel kann zu Verletzungen führen. Es besteht Rutschgefahr.;Caricare troppa neve sulla pala può causare incidenti. C'è il rischio di scivolare.;Teveel sneeuw op de schep kan voor overbelasting zorgen. Er bestaat een gevaar voor uitglijden.;;0;;;;;shoveling;warning
1088;Suitable clothing, adapted to the weather and breathable;Geeignete Kleidung, wetterangepasst und atmungsaktiv ;Abbigliamento adatto alle condizioni del tempo e traspirante.;Geschikte kleding, aangepast aan het weer en ademend;;0;;;;;shoveling;bullet point
1089;Safe stand;Sicherer Stand;Supporto sicuro;Stevig staan;;0;;;;;shoveling;bullet point
1090;Less snow per shovel, but shovel more often for safety;Weniger Schnee pro Schaufel, dafür öfter schaufeln zu Gunsten der Sicherheit;metti meno neve nella pala, ma spala più spesso per sicurezza;Voor de veiligheid vaker scheppen met minder sneeuw per schep;;0;;;;;shoveling;bullet point
1091;Avoid rapid turning movements;Schnelle Drehbewegungen vermeiden;Evita rapidi movimenti di rotazione;Vermijd snelle draaibewegingen;;0;;;;;shoveling;bullet point
1092;(Acute) back problems;(Akute) Rückenbeschwerden;(Gravi) problemi di schiena;(acute) rugproblemen;;0;;;;;shoveling;contraindication
1093;roblems with the hand or finger joints / arthritis;Probleme mit dem Hand- bzw Fingergelenken / Arthritis;Problemi alle articolazioni delle mani o delle dita/ artrite;Problemen met de handen of gewrichten van de vingers / artritis;;0;;;;;shoveling;contraindication
1094;Yoga is both teaching and practice, which takes a holistic approach. Body, mind and soul are to be brought into harmony, which is why yoga is a combination of physical exercises, breathing techniques and meditation. With many stretching and holding exercises, yoga is ideal for strengthening the muscles and improving mobility. The breathing and relaxation exercises in yoga help to reduce stress in a targeted manner. There is now a wide range of options, with individual yoga components such as the strengthening and flexibility components being emphasized.;Yoga ist zugleich Lehre und Praktik, die einen ganzheitlichen Ansatz verfolgt. Dabei sollen Körper, Geist und Seele in Einklang gebracht werden, weswegen Yoga im eigentlichen Sinne eine Kombination aus Körperübungen, Atemtechniken und Meditation ist. Mit vielen Dehn- und Halteübungen eignet sich Yoga hervorragend, um eine Stärkung der Muskulatur zu erzielen und die Beweglichkeit zu verbessern. Die Atem- und Entspannungsübungen im Yoga helfen dabei Stress gezielt abzubauen. Mittlerweile gibt es ein vielseitiges Angebot, wobei einzelne Yogabestandteile, wie etwa die Kräftigungs- und Beweglichkeitskomponente, hervorgehoben werden,;Lo yoga è sia insegnamento che pratica, che adotta un approccio olistico. Corpo, mente e anima devono essere portati in armonia, motivo per cui lo yoga è una combinazione di esercizi fisici, tecniche di respirazione e meditazione. Con molti esercizi di stretching e di tenuta, lo yoga è l'ideale per rafforzare i muscoli e migliorare la mobilità. Gli esercizi di respirazione e rilassamento nello yoga aiutano a ridurre lo stress in modo mirato. Ora c'è una vasta gamma di opzioni, come le componenti di rafforzamento e flessibilità.;Yoga is zowel lesgeven als oefenen, wat een holistische benadering vereist. Lichaam, geest en ziel moeten in harmonie worden gebracht, daarom is yoga een combinatie van fysieke oefeningen, ademhalingstechnieken en meditatie. Met veel rek- en houdingsoefeningen is yoga ideaal om de spieren te versterken en de mobiliteit te verbeteren. De ademhalings- en ontspanningsoefeningen bij yoga helpen gericht stress te verminderen. Er is nu een breed scala aan opties, waarbij individuele yoga-componenten zoals de versterkende en flexibele componenten worden benadrukt.;;0;;;;;yoga;description
1095;Versatile approach to improve strength and flexibility. Stress relief and relaxation is possible.;Vielseitiger Ansatz zur Verbesserung der Kraft und Beweglichkeit.  Stressabbau und Entspannung möglich. ;Approccio versatile per migliorare forza e flessibilità. È possibile alleviare lo stress e rilassarsi.;Veelzijdige aanpak om kracht en flexibiliteit te verbeteren. Stressverlichting en ontspanning zijn mogelijk.;;0;;;;;yoga;advantage
1096;Difficult yoga positions have to be learned gradually. Choose the right level of difficulty. There are already classifications based on difficulty, age and goal. Start with entry-level positions or best with guidance from a person specially trained for yoga. Problems with high pressure loads in the body, such as high blood pressure or increased intraocular pressure, should be avoided in positions where the head is brought up to the waist.;Schwierige Yoga-Positionen müssen nach und nach erlernt werden. Wähle den richtigen Schwierigkeitsgrad. Es bestehen bereits Klassifizierungen nach Schwierigkeitsgrad, Alter und Ziel. Beginne mit Einsteigerpositionen oder am besten mit Anleitung durch eine speziell für Yoga ausbildeten Person  Bei Problemen mit hohen Druckbelastungen im Körper, wie etwa hohem Blutdruck oder erhöhtem Augeninnendruck, sollten Positionen vermieden werden, bei denen der Kopf unter Hüfthöhe gebracht wird. ;Le posizioni difficili dello yoga devono essere apprese gradualmente. Scegli il giusto livello di difficoltà. Esistono già classificazioni basate su difficoltà, età e obiettivo. Inizia con posizioni semplici o meglio con la guida di una persona appositamente addestrata. Per chi soffre di ipertensione o elavata pressione intraoculare, si consiglia di evitare posizioni in cui la testa viene portata verso il basso.;Moeilijke yogahoudingen moeten geleidelijk worden geleerd. Kies de juiste moeilijkheidsgraad. Er bestaan classificaties op basis van moeilijkheidsgraad, leeftijd en doel. Begin met posities op instapniveau en het liefst onder begeleiding van iemand die speciaal is opgeleid voor yoga. Problemen met hoge drukbelastingen in het lichaam, zoals hoge bloeddruk of verhoogde oogdruk, moeten worden vermeden op plaatsen waar het hoofd tot aan de taille wordt gebracht.;;0;;;;;yoga;warning
1097;Respect your own range of motion;Eigene Bewegungsweiten respektieren;Rispetta le tue personali possibilità di movimento;Respecteer je eigen bewegingsbereik;;0;;;;;yoga;bullet point
1098;Do not max out stopping positions;Haltepositionen nicht maximal ausreizen;Non esagerare nelle posizioni da fermo;Ga niet te ver met de houdingen;;0;;;;;yoga;bullet point
1099;"""trace"" movement";Bewegung „nachspüren“;"""traccia"" il movimento";"""volg"" bewegingen";;0;;;;;yoga;bullet point
1100;None with appropriately professional instructions;Keine bei entsprechend professioneller Anleitung;Nessuno con istruzioni adeguatamente professionali;Doe niks zonder de juiste professionele begeleiding;;0;;;;;yoga;contraindication
1101;Strenuous strength training is ideal for building strength and muscle mass. Strength training does not only strengthen the muscles. In addition to increasing the bone density, passive structures such as tendons and ligaments are strengthened and tightened. The cardiovascular system also benefits from strength training. Strength training can be used to train on equipment, but also movement sequences with or without additional weight are used to optimally prepare the trainees for everyday requirements, relieve tension and compensate for weak points. An individual training program developed by a specialist is recommended. This can be done in the gym or similar facilities, as well as at home with the help of a well-trained personal trainer.;Anstrengendes Krafttraining eignet sich bestens, um Kraft und Muskelmasse aufzubauen . Durch Krafttraining wird aber nicht nur die Muskulatur gestärkt. Neben der Erhöhung der Knochendichte werden passive Strukturen wie Sehnen und Bänder gestärkt und gefestigt. Das Herz-Kreislaufsystem profitiert ebenfalls vom Krafttraining. Beim Krafttraining kann an Geräten trainiert werden, aber auch Bewegungsabläufe mit oder ohne Zusatzgewicht werden genutzt, um die Trainierenden bestens auf die Anforderungen des Alltags vorzubereiten, Verspannungen zu lösen und Schwachpunkte auszugleichen. Ein individuelles, vom Fachmann ausgearbeitetes Trainingsprogramm ist hierbei zu empfehlen. Dies kann im Fitnessstudio, oder ähnlichen Einrichtungen, sowie zuhause mit Hilfe eines gut ausgebildeten Personal Trainers geschehen. ;Un allenamento intenso è l'ideale per sviluppare forza e massa muscolare. Questo tipo di allenamento non solo rafforza i muscoli, ma anche le strutture passive come tendini e legamenti, oltre ad aumentare la densità ossea. Anche il sistema cardiovascolare ne beneficia. L'allenamento muscolare può essere fatto utilizzando attrezzature, ma anche sequenze di movimenti con o senza peso aggiuntivo per prepararsi in modo ottimale alle esigenze quotidiane, alleviare la tensione e compensare i punti deboli. Si consiglia un programma di formazione individuale sviluppato da uno specialista. Questo può essere fatto in palestra o in strutture simili, così come a casa con l'aiuto di un personal trainer ben addestrato.;Inspannende krachttraining is ideaal voor het opbouwen van kracht en spiermassa. Krachttraining versterkt niet alleen de spieren. Naast het verhogen van de botdichtheid, worden passieve structuren zoals pezen en banden versterkt en strakker. Het cardiovasculaire systeem profiteert ook van krachttraining. Krachttraining kan worden gebruikt door te trainen op apparatuur, maar ook bewegingssequenties met of zonder extra gewicht worden gebruikt om de cursisten optimaal voor te bereiden op dagelijkse behoeften, spanning te verlichten en zwakke punten te compenseren. Een individueel trainingsprogramma ontwikkeld door een specialist wordt aanbevolen. Dit kan in de sportschool of vergelijkbare faciliteiten, maar ook thuis met behulp van een goed opgeleide personal trainer.;;0;;;;;strength;description
1102;With strenuous strength training, you can build strength and muscle mass in a targeted manner, positively influence bone density, and also strengthen tendons and ligaments. In addition to these positive effects, blood pressure and body composition can also be improved.;Mit anstrengendem Krafttraining kann man gezielt Kraft und Muskelmasse aufbauen, die Knochendichte positiv beeinflussen, wie auch Sehnen und Bänder stärken.  Neben diesen positiven Effekten können auch Blutdruck und Körperkomposition verbessert werden.;Con un allenamento intenso, puoi aumentare la forza e la massa muscolare in modo mirato, influenzare positivamente la densità ossea e anche rafforzare tendini e legamenti. Oltre a questi effetti positivi, può migliorare la pressione sanguigna e la composizione corporea.;Met zware krachttraining kunt u gericht kracht en spiermassa opbouwen, de botdichtheid positief beïnvloeden en ook pezen en gewrichtsbanden versterken. Naast deze positieve effecten kunnen ook de bloeddruk en de lichaamssamenstelling worden verbeterd.;;0;;;;;strength;advantage
1103;Improper movement can increase the risk of injury. Press breathing should be avoided during training. This can cause problems with increased pressure in the body, such as high blood pressure, increased intraocular pressure or weak pelvic floor. Professional instruction by trained personal trainers and following an individually developed training plan lead to the achievement of the goal safely and systematically. This can also be doneeither at home or at the gym.;Unsaubere Bewegungsausführung kann das Verletzungsrisiko erhöhen. Pressatmung sollte beim Training vermieden werden. Diese kann bei erhöhtem Druck im Körper, wie etwa hohem Blutdruck, erhöhtem Augeninnendruck oder schwachem Beckenboden Probleme bereiten. Eine professionelle Einweisung durch ausgebildete Personal Trainer und das Befolgen eines individuell erarbeiteten Trainingsplans führen sicher und systematisch zur Erreichung des Ziels.  Das kann im Fitnessstudio aber auch zu Hause gemacht werden.;Movimenti impropri possono aumentare il rischio di lesioni. La respirazione accelerata deve essere evitata durante l'allenamento. Ciò può causare problemi come l'aumento della pressione nel corpo, l'ipertensione,l' aumento della pressione intraoculare o la debolezza del pavimento pelvico. Il supporto di personal trainer addestrati e seguire un piano di allenamento individuale, portano al raggiungimento dell'obiettivo in modo sicuro e sistematico. Questo può essere fatto sia a casa che in palestra.;Onjuiste beweging kan het risico op letsel vergroten. Persademhaling moet tijdens de training worden vermeden. Dit kan problemen veroorzaken bij verhoogde druk in het lichaam, zoals hoge bloeddruk, verhoogde oogdruk of een zwakke bekkenbodem. Professionele instructie door opgeleide personal trainers en het volgen van een individueel ontwikkeld trainingsplan leiden tot het veilig en systematisch bereiken van het doel. Dit kan ook thuis of in de sportschool.;;0;;;;;strength;warning
1104;Gradually warm up your whole body. After warming up, you shouldn't be tired or even exhausted. Slight sweating and an inner feeling of warmth are desirable.;Wärme deinen ganzen Körper allmählich auf. Nach dem Aufwärmen solltest du nicht ermüdet oder gar erschöpft sein. Leichtes Schwitzen und ein inneres Wärmegefühl sind erwünscht.;Riscalda gradualmente tutto il tuo corpo. Dopo il riscaldamento, non dovresti essere stanco/a o sfinito/a. Dovresti invece sviluppare una leggera sudorazione e una sensazione interiore di calore.;Warm geleidelijk je hele lichaam op. Na het opwarmen mag u niet moe of uitgeput zijn. Licht zweten en een innerlijk warm gevoel zijn wenselijk.;;0;;;;;strength;bullet point
1105;Prepare mentally for the upcoming strength training;Bereite dich mental auf das bevorstehende Krafttraining vor;Preparati mentalmente per il prossimo allenamento muscolare;Bereid je mentaal voor op de komende krachttraining;;0;;;;;strength;bullet point
1106;If you train on equipment in the gym, adjust the device individually - as learned in training - to your requirements. Pay attention to the seating position, the upholstery and the set weight. Check the fuses of the device.;Wenn Du im Fitnessstudio auf Geräten trainierst, stelle das Gerät – wie in der Einschulung gelernt - individuell auf deine Anforderungen ein. Achte auf die Sitzposition, die Polster und das eingestellte Gewicht. Kontrolliere die Sicherungen des Geräts.;Se usi le attrezzature in palestra, regola i dispositivi in base alle tue esigenze personali, come appreso durante l'allenamento. Fai attenzione alla posizione di seduta, al rivestimento e al peso impostato. Controlla i fusibili del dispositivo.;Als u met apparatuur in de sportschool traint, past u het apparaat individueel aan - zoals u heeft geleerd tijdens de training - aan uw wensen. Let op de zitpositie, de bekleding en het ingestelde gewicht. Controleer de zekeringen van het apparaat.;;0;;;;;strength;bullet point
1107;Start the exercise with little or no weight to internalize the movement.;Beginne die Übung ohne oder mit leichtem Gewicht, um den Bewegungsablauf zu verinnerlichen.;Inizia l'esercizio con poco o nessun peso per abituarti al movimento.;Begin de oefening met weinig of geen gewicht om de beweging te internaliseren.;;0;;;;;strength;bullet point
1108;If the weight is heavy, concentrate on the execution and speed of the movement. Try to tense the muscle you want to train. The focus here is on the quality of the movement execution.;Konzentriere dich bei schwerem Gewicht auf die Bewegungsausführung und die -geschwindigkeit. Versuche die Muskelpartie, die du trainieren möchtest gezielt anzuspannen. Die Qualität der Bewegungsausführung steht hierbei im Vordergrund.;Se il peso è grande, concentrati sull'esecuzione e sulla velocità del movimento. Cerca di tendere il muscolo che vuoi allenare. L'attenzione qui è sulla qualità dell'esecuzione del movimento.;Als het gewicht zwaar is, concentreer u dan op de uitvoering en snelheid van de beweging. Probeer de spier die je wilt trainen te spannen. Hierbij ligt de focus op de kwaliteit van de bewegingsuitvoering.;;0;;;;;strength;bullet point
1109;Breathe in a controlled and continuous manner. Persistent breathing, known as press breathing, should be avoided.;Atme kontrolliert und kontinuierlich. Ein anhalten der Atmung, die sogenannte Pressatmung, sollte vermieden werden.;Respira in modo controllato e continuo. La respirazione persistente o affannata dovrebbe essere evitata.;Adem op een gecontroleerde en continue manier. Aanhoudende ademhaling, ook wel persademhaling genoemd, moet worden vermeden.;;0;;;;;strength;bullet point
1110;Don't jerkily finish the exercise. Breathe a few times before moving on to the next exercise;Beende die Übung nicht ruckartig. Atme einige Male durch, bevor du zur nächsten Übung übergehst, ;Non terminare bruscamente l'esercizio. Respira alcune volte prima di passare all'esercizio successivo;Maak de oefening niet schokkerig af. Adem een ??paar keer voordat je verder gaat met de volgende oefening.;;0;;;;;strength;bullet point
1111;Remember that using equipment exclusively is not the only way to do strength training. Free exercises often require more concentration, coordination and often require a higher number of muscles at the same time. Therefore, also use your own body as a training device.;Denke daran, dass die ausschließliche Nutzung von Geräten nicht die einzige Möglichkeit beim Krafttraining darstellt. Freie Übungen erfordern oft mehr Konzentration, Koordination und beanspruchen oftmals eine höhere Anzahl an Muskeln gleichzeitig. Nutze also auch deinen eigenen Körper als Trainingsgerät.;Ricorda che usare l'attrezzatura non è l'unico modo per fare allenamento muscolare. Gli esercizi liberi richiedono spesso maggiore concentrazione, coordinazione e l'utilizzo di un numero più elevato di muscoli contemporaneamente. Pertanto, utilizza anche il tuo corpo come dispositivo di allenamento.;Onthoud dat het gebruik van uitsluitend apparatuur niet de enige manier is om krachttraining te doen. Vrije oefeningen vereisen vaak meer concentratie, coördinatie en het gebruik van meer spieren tegelijk. Gebruik daarom ook je eigen lichaam als trainingsapparaat.;;0;;;;;strength;bullet point
1112;Continuity, recovery and an increase in difficulty are essential to make progress in strength training.;Kontinuität, Erholung und eine Steigerung der Schwierigkeit sind essenziel, um Fortschritte im Krafttraining zu erzielen.;Continuità, recupero e aumento graduale delle difficoltà sono essenziali per fare progressi nell'allenamento muscolare.;Continuïteit, herstel en toenemende moeilijkheid zijn essentieel om vooruitgang te boeken bij krachttraining.;;0;;;;;strength;bullet point
1113;None with appropriately professional instructions;Keine bei entsprechend professioneller Anleitung;Nessuno con istruzioni adeguatamente professionali;Doe niks zonder de juiste professionele begeleiding;;0;;;;;strength;contraindication
1114;Sorry to hear that;Tut mir leid das zu hören;Mi dispiace;Het spijt me dat te horen;;0;;;;notification_evening_notdone_title;;
1115;{} on {} for {} minutes.;{} am {} für {} Minuten.;{} di {} per {} minuti.;{} op {} voor {} minuten.;;0;;;;goalinfo_activity_days;;
1116;Hey, I have some short questions for you: Think about all the vigorous activities that you did in the last 7 days;Hey, ich habe ein paar kurze Fragen: Denk an all die intensiven Aktivitäten, die du in den letzten 7 Tagen durchgeführt hast;Ehi, ho alcune brevi domande per te: In the last 7 days, how many days did you perform INTENSE physical activities;Hallo, ik heb een paar korte vragen voor je: Denk eens aan alle krachtige activiteiten die je de afgelopen 7 dagen hebt gedaan;;0;;;;ipaq_title_vigorous;;
1117;Vigorous physical activities refer to activities that take hard physical effort and make you breathe much harder than normal like heavy lifting, digging, aerobics, or fast bicycling. Think only about those physical activities that you did for at least 10 minutes at a time.;Intensive körperliche Aktivitäten beziehen sich auf Aktivitäten, die harte körperliche Anstrengung erfordern und dich viel schwerer atmen lassen als normal, z.B. schweres Heben, Graben, Aerobic oder schnelles Radfahren. Inkludiere nur die körperlichen Aktivitäten, die du jeweils mindestens 10 Minuten lang ausgeführt hast.;INTENSE physical activity means an activity that requires high physical effort and that it forces you to breathe at a much higher rate than normal (you sweat during this activity and you can't speak);Krachtige fysieke activiteiten verwijzen naar activiteiten die zware fysieke inspanning vergen en waardoor u veel harder ademt dan normaal, zoals zwaar tillen, graven, aerobics of snel fietsen. Denk alleen aan die fysieke activiteiten die je minstens 10 minuten per keer hebt gedaan.;;0;;;;ipaq_content_vigorous;;
1118;Now, think about all the moderate activities that you did in the last 7 days;Denke jetzt an all die moderaten Aktivitäten, die du in den letzten 7 Tagen durchgeführt hast;Ora, pensa a tutte le attività MODERATE che hai svolto negli ultimi 7 giorni.;Denk nu eens aan alle gematigde activiteiten die u de afgelopen 7 dagen hebt gedaan;;0;;;;ipaq_title_moderate;;
1119;Moderate activities refer to activities that take moderate physical effort and make you breathe somewhat harder than normal like carrying light loads, bicycling at a regular pace, or doubles tennis. Do not include walking. Think only about those physical activities that you did for at least 10 minutes at a time.;Moderate Aktivitäten beziehen sich auf Aktivitäten, die mäßige körperliche Anstrengung erfordern und das Atmen etwas schwerer als normal machen, z. B. das Tragen leichter Lasten, das regelmäßige Radfahren oder das Doppeltennis. Spazieren gehen zählt nicht dazu. Inkludiere nur die körperlichen Aktivitäten, die du jeweils mindestens 10 Minuten lang ausgeführt hast.;Per attivita’ fisica MODERATA si intende un’attivita’ che richiede uno sforzo fisico moderato e che la costringe a respirare con un ritmo solo moderatamente piu’ elevato del normale (durante tale attività non riuscirebbe a cantare ma le sarebbe ancora possibile parlare).;Matige activiteiten verwijzen naar activiteiten die matige fysieke inspanning vereisen en die u in staat stellen iets harder te ademen dan normaal, zoals lichte lasten dragen, fietsen in een gelijkmatig tempo of dubbel tennis. Tel het lopen niet. Denk alleen aan die fysieke activiteiten die u minstens 10 minuten per keer hebt gedaan.;;0;;;;ipaq_content_moderate;;
1120;Finally, think about the time you spent walking in the last 7 days.;Denke abschließend an die Zeit, die du in den letzten 7 Tagen mit spazieren gehen verbracht hast.;Infine, pensa al tempo che hai trascorso camminando negli ultimi 7 giorni.;Denk ten slotte na over de tijd die u de afgelopen 7 dagen hebt gelopen.;;0;;;;ipaq_title_walking;;
1121;This includes at work and at home, walking to travel from place to place, and any other walking that you have done solely for recreation, sport, exercise, or leisure. Only include days where your walked for at least 10 minutes at a time.;Dies inkludiert bei der Arbeit und zu Hause und jedes andere Gehen, das du ausschließlich zur Erholung, zum Sport, zur Bewegung oder zur Freizeitgestaltung unternommen hast. Schließe nur Tage ein, an denen du jeweils mindestens 10 Minuten gegangen bist.;Consideri le camminate compiute al lavoro e a casa, quelle per spostarsi da un posto ad un altro ed ogni altra camminata che le e’ capitato di fare per piacere, esercizio o sport.;Dit omvat op het werk en thuis, wandelen om van de ene plaats naar de andere plaats te reizen, en elke andere vorm van wandelen die u uitsluitend hebt gemaakt voor recreatie, sport, lichaamsbeweging of vrije tijd. Voeg alleen dagen toe waarop u ten minste 10 minuten achter elkaar heeft gelopen.;;0;;;;ipaq_content_walking;;
1122;Your goal for next week will be the same as last week. Does that sound reasonable to you?;Dein Ziel für die nächste Woche ist das selbe wie letzte Woche. Klingt das vernünftig für dich?;Il tuo obiettivo per la prossima settimana sarà lo stesso della settimana scorsa. Ti sembra ragionevole?;Je doel voor volgende week is hetzelfde als vorige week. Vind je dat redelijk?;;0;;;;notification_goal_stay;;
1123;Another week is over;Eine weitere Woche ist vorüber;Un'altra settimana è finita;Weer een week voorbij;;0;;;;notification_goal_title;;
1124;increase;Erhöhung;Aumentare;Toename;;0;;;;increase;;
1125;decrease;Verminderung;Diminuire;Verminderen;;0;;;;decrease;;
1126;There is an upcoming event;Es gibt eine bevorstehende Veranstaltung;C'è un evento imminente;Er komt een evenement aan;;0;;;;notification_morning_title;;
1127;Hey, please answer these short questions. ;Hallo, bitte beantworte kurz diese Fragen;Ehi, per favore rispondi a queste brevi domande.;Hé, beantwoord deze korte vragen alsjeblieft.;;0;;;;mpam_title;;
1128;Can you tell me why you wish to engage in physical activity?;Kannst du mir sagen warum du dich körperlich mehr bewegen willst? ;Puoi dirmi perché desideri dedicarti all'attività fisica?;Kunt u mij vertellen waarom u aan lichaamsbeweging wilt doen?;;0;;;;mpam_content;;
1129; For your first week I give you {} credits so you get to know the system and don't overdo it. ;Für deine erste Woche gebe ich dir {} Credits, damit du das System kennenlernst und es nicht übertreibst.;Per la tua prima settimana hai {} crediti in modo da conoscere il sistema e non esagerare. ;Voor je eerste week geef ik je {} punten zodat je het systeem leert kennen en het niet overdrijft.;;0;;;;ipaq_credits;;
